MBLNR|MJAHR|BLDAT|BUDAT|WERKS|MATNR|MENGE|MEINS|BWART|NETWR|WAERS|LIFNR
5380729099|2025|14012025|14.02.2025|DE01  |FUEL_HEAVY_FUEL_OIL_718|88.348|MT|101|7835.69|EUR|19183555
5915632128|2026|11.08.2025|10032025|DEL05 |FUEL_NATURAL_GAS_826|1036.301|M3|101|57384.65|INR|56190010
5343379140|2025|16022025|19012025|MUM01 |FUEL_NATURAL_GAS_697|1542.286|M3|101|149045.98|INR|31889795
5648950824|2025|26032025|30042025|UK01  |FUEL_DIESEL_581|4869.878|L|101|376907.98|GBP|06519349
5321301450|2025|18022025|16022025|LON02 |FUEL_NATURAL_GAS_181|1343.261|M3|101|120404.59|GBP|22919257
5489029226|2025|14032025|16022025|UK01  |FUEL_HEAVY_FUEL_OIL_112|93.926|MT|101|12667.27|GBP|20161964
5541176416|2025|20012025|10082025|UK01  |FUEL_HEAVY_FUEL_OIL_541|26.916|MT|101|3592.66|GBP|51522679
5635669123|2026|24122025|11012026|MUM01 |FUEL_DIESEL_149|916.698|L|101|78483.56|INR|78537413
5629616877|2025|01012025|01032025|DEL05 |FUEL_DIESEL_721|527.985|L|101|59580.1|INR|30889392
5322848484|2025|17022025|17052025|DE02  |FUEL_HEAVY_FUEL_OIL_770|34.557|MT|101|4097.23|EUR|58265447
5558169357|2025|15102025|27112025|LON02 |FUEL_NATURAL_GAS_148|1893.96|M3|101|266368.94|GBP|47422601
5236313209|2026|22112025|22012025|FRA01 |FUEL_NATURAL_GAS_141|347.35|M3|101|27558.77|EUR|77490409
5455840749|2025|11012025|15012025|FRA01 |FUEL_PETROL_934|4191.758|L|101|542992.23|EUR|63544469
5136167224|2025|23052025|14012025|UK01  |FUEL_DIESEL_495|2226.639|L|101|169456.92|GBP|45341202
5624966251|2025|14032025|08012025|IN01  |FUEL_DIESEL_355|2186.853|L|101|195274.76|INR|44985142
5765115105|2026|27122025|21072025|DEL05 |FUEL_NATURAL_GAS_233|882.732|M3|101|66803.46|INR|29721807
5674304003|2026|30.12.2025|07062025|DEL05 |FUEL_NATURAL_GAS_371|1045.788|M3|101|54156.57|INR|59412628
5115706464|2025|03012025|02012025|IN01  |FUEL_PETROL_631|4907.836|L|101|372475.64|INR|79797654
5492161144|2025|30072025|22.03.2025|DEL05 |FUEL_HEAVY_FUEL_OIL_417|22.954|MT|101|1457.52|INR|04874009
5123244218|2025|12072025|24042025|DE02  |FUEL_PETROL_209|2581.717|L|101|161910.9|EUR|94260870
5198272900|2026|27012025|02-Jan-2025|LON02 |FUEL_DIESEL_223|4270.626|L|101|298329.07|GBP|13292266
5444723529|2026|18072025|20052026|IN02  |FUEL_DIESEL_821|1740.777|L|101|131683.07|INR|19627825
5999741594|2025|15082025|09052025|UK01  |FUEL_HEAVY_FUEL_OIL_774|44.771|MT|101|2774.07|GBP|07950592
5895070985|2025|"=""19.01.2025"""|26012025|CHI03 |FUEL_PETROL_719|2552.304|L|101|371688.77|USD|25989895
5533486776|2026|24042026|07042026|IN01  |FUEL_NATURAL_GAS_346|1324.488|M3|101|160367.8|INR|04177181
5549837074|2025|22012025|12012025|MUM01 |FUEL_NATURAL_GAS_367|932.78|M3|101|53087.71|INR|37858595
5220079649|2026|17082025|12012026|IN01  |FUEL_HEAVY_FUEL_OIL_927|75.23|MT|101|5617.01|INR|74889346
5870527803|2026|18052025|17092025|DE01  |FUEL_HEAVY_FUEL_OIL_391|64.599|MT|101|4765.69|EUR|65934530
5931933661|2025|11042025|18082025|DE02  |FUEL_PETROL_374|2205.082|L|101|178168.78|EUR|46105677
5900375582|2025|13062025|27072025|DEL05 |FUEL_PETROL_701|2388.86|L|101|213149.92|INR|49688691
5990556457|2025|25.01.2025|25012025|IN02  |FUEL_DIESEL_333|1763.618|L|101|156731.13|INR|86762247
5335798146|2025|01012025|24052025|DEL05 |FUEL_DIESEL_382|2201.616|L|101|180368.26|INR|68656702
5513700748|2025|22072025|22032025|UK01  |FUEL_PETROL_425|1755.828|L|101|138908.68|GBP|67903648
5784104398|2025|19012025|21012025|US01  |FUEL_NATURAL_GAS_583|485.372|M3|101|58515.31|USD|77591977
5051699702|2025|12012025|14032025|FRA01 |FUEL_PETROL_389|4826.057|L|101|368688.83|EUR|35261636
5652845534|2026|16102025|24102025|DE01  |FUEL_PETROL_186|4422.27|L|101|630502.73|EUR|16615058
5825417451|2025|01-Oct-2025|24042025|US01  |FUEL_NATURAL_GAS_486|923.739|M3|101|122768.78|USD|55846084
5888631854|2025|30052025|13042025|DEL05 |FUEL_NATURAL_GAS_633|748.43|M3|101|82855.65|INR|36049110
5948863781|2026|20012025|23012025|UK01  |FUEL_PETROL_511|4586.318|L|101|362333.87|GBP|85836848
5396186298|2025|01112025|20112025|CHI03 |FUEL_DIESEL_806|1618.017|L|101|238631.65|USD|81768546
5151633374|2025|19.01.2025|10.05.2025|US02  |FUEL_HEAVY_FUEL_OIL_186|46.134|MT|101|5351.2|USD|82714724
5529071610|2025|26032025|28.03.2025|LON02 |FUEL_HEAVY_FUEL_OIL_198|21.911|MT|101|2196.31|GBP|42505239
5098335164|2025|02012025|03012025|DE02  |FUEL_DIESEL_975|2478.694|L|101|169751.87|EUR|31192533
5168548817|2025|07022025|30032025|DE02  |FUEL_DIESEL_498|2660.302|L|101|150353.28|EUR|19636277
5681274959|2026|11042025|18042025|DE01  |FUEL_PETROL_140|2671.931|L|101|306627.49|EUR|11898039
5736479080|2025|17032025|14052025|FRA01 |FUEL_DIESEL_188|3169.757|L|101|160899.9|EUR|24588843
5312245923|2025|16042025|04012025|DE02  |FUEL_PETROL_735|4855.329|L|101|552217.83|EUR|91580931
5037807017|2025|07012025|26012025|FRA01 |FUEL_NATURAL_GAS_188|1421.153|M3|101|139876.32|EUR|91420033
5963894711|2026|06032025|24.01.2026|IN01  |FUEL_DIESEL_599|2404.475|L|101|204744.97|INR|00856474
5800804945|2025|08012025|07012025|CHI03 |FUEL_PETROL_485|844.523|L|101|94365.54|USD|39532539
5071220514|2026|13022025|31032025|UK01  |FUEL_PETROL_283|1070.527|L|101|147201.18|GBP|48001751
5221149598|2025|02022025|07032025|LON02 |FUEL_PETROL_664|2121.078|L|101|265515.43|GBP|35248326
5500691089|2025|28052025|24022025|DE02  |FUEL_HEAVY_FUEL_OIL_353|66.538|MT|101|9858.34|EUR|18264672
5489734902|2025|04012025|06.01.2025|DEL05 |FUEL_NATURAL_GAS_683|325.829|M3|101|47530.12|INR|13916956
5082694798|2025|16032025|23.01.2025|IN01  |FUEL_HEAVY_FUEL_OIL_317|39.178|MT|101|4562.2|INR|32328783
5400903455|2026|22102025|01102025|UK01  |FUEL_DIESEL_340|1185.158|L|101|141494.17|GBP|00465128
5956265771|2026|12.09.2025|29012025|US02  |FUEL_NATURAL_GAS_338|653.035|M3|101|51033.9|USD|18317743
5488676452|2025|28042025|27042025|DEL05 |FUEL_HEAVY_FUEL_OIL_208|18.775|MT|101|1644.07|INR|78577055
5298247912|2025|29102025|03102025|DE02  |FUEL_DIESEL_984|894.425|L|101|86226.7|EUR|45909724
5417637161|2025|29.03.2025|07012025|US02  |FUEL_PETROL_386|1975.498|L|101|205821.24|USD|59754944
5337235110|2026|10.04.2025|17112025|CHI03 |FUEL_NATURAL_GAS_251|778.587|M3|101|70242.69|USD|40157100
5637687773|2025|10032025|30042025|US02  |FUEL_HEAVY_FUEL_OIL_252|69.92|MT|101|6786.06|USD|75301309
5472247274|2026|28082025|06012025|IN02  |FUEL_HEAVY_FUEL_OIL_517|28.254|MT|101|2557.8|INR|21377887
5220449811|2025|28.07.2025|"=""19.07.2025"""|UK01  |FUEL_PETROL_557|2071.75|L|101|158895.78|GBP|22414417
5206798827|2026|16072025|16032025|LON02 |FUEL_DIESEL_980|585.348|L|101|58643.3|GBP|65995232
5812735840|2026|26.07.2025|06.07.2025|IN01  |FUEL_DIESEL_799|2568.034|L|101|215071.55|INR|12542217
5231849700|2025|24012025|23032025|CHI03 |FUEL_PETROL_602|2925.622|L|101|169645.66|USD|32293583
5070660395|2026|20032026|25052025|MUM01 |FUEL_HEAVY_FUEL_OIL_369|94.687|MT|101|9142.77|INR|45692192
5231145726|2026|24012025|21042025|FRA01 |FUEL_PETROL_184|4908.054|L|101|249121.64|EUR|74961645
5460612592|2025|06042025|28.05.2025|MUM01 |FUEL_PETROL_864|3262.746|L|101|427951.06|INR|48165141
5421905348|2026|18022026|07022026|DEL05 |FUEL_NATURAL_GAS_258|1744.774|M3|101|114901.54|INR|70943252
5284839809|2026|01.07.2025|05032025|MUM01 |FUEL_DIESEL_916|3600.826|L|101|244554.11|INR|30664073
5790026560|2025|22082025|29-Jan-2025|FRA01 |FUEL_DIESEL_214|4203.09|L|101|596908.44|EUR|09025128
5111431290|2025|01012025|02012025|UK01  |FUEL_DIESEL_262|4461.907|L|101|607076.28|GBP|89205109
5015354208|2025|03022025|13.02.2025|DEL05 |FUEL_PETROL_722|4938.327|L|101|249211.24|INR|13835744
5634433291|2025|03012025|07012025|DE02  |FUEL_NATURAL_GAS_947|615.384|M3|101|55069.93|EUR|02576720
5950486899|2025|13012025|23022025|DE01  |FUEL_DIESEL_277|4501.57|L|101|378431.59|EUR|89431055
5475226233|2025|03012025|"=""24.01.2025"""|IN02  |FUEL_HEAVY_FUEL_OIL_939|10.406|MT|101|874.39|INR|22144363
5317899469|2025|25112025|28102025|LON02 |FUEL_HEAVY_FUEL_OIL_520|96.865|MT|101|5214.76|GBP|20616266
5209754601|2025|31082025|06022025|LON02 |FUEL_HEAVY_FUEL_OIL_147|10.4|MT|101|1177.98|GBP|24073039
5403804360|2025|30032025|01052025|UK01  |FUEL_NATURAL_GAS_244|276.777|M3|101|35262.89|GBP|84031941
5562651338|2026|08032025|17042025|DEL05 |FUEL_DIESEL_667|1257.311|L|101|146314.1|INR|93612869
5006929376|2025|23062025|05.04.2025|IN02  |FUEL_DIESEL_456|2212.513|L|101|298685.4|INR|59090149
5118111427|2026|11092025|17122025|DE01  |FUEL_HEAVY_FUEL_OIL_881|73.031|MT|101|7390.91|EUR|90240436
5957462602|2026|07.04.2025|08032025|DE01  |FUEL_DIESEL_881|1202.127|L|101|129680.97|EUR|18101563
5249597378|2025|14112025|23072025|LON02 |FUEL_DIESEL_539|4134.617|L|101|281955.22|GBP|97821086
5551226964|2026|21112025|27012026|LON02 |FUEL_DIESEL_215|3678.392|L|101|455972.51|GBP|25140811
5717895266|2026|06032026|07.11.2025|IN02  |FUEL_DIESEL_309|3869.505|L|101|553051.59|INR|14937719
5780123452|2025|24072025|14052025|DEL05 |FUEL_HEAVY_FUEL_OIL_608|43.441|MT|101|3374.59|INR|55304174
5706888193|2025|19012025|30112025|DE02  |FUEL_DIESEL_248|4389.048|L|101|452924.74|EUR|48813225
5928565768|2026|31122025|15072025|US02  |FUEL_HEAVY_FUEL_OIL_275|42.353|MT|101|2438.71|USD|59980223
5795226301|2025|18052025|22052025|LON02 |FUEL_DIESEL_598|884.644|L|101|80783.41|GBP|62983881
5265690383|2026|18042026|24082025|UK01  |FUEL_DIESEL_735|3284.847|L|101|220369.54|GBP|75746085
5081614318|2026|07012025|02012025|UK01  |FUEL_DIESEL_171|981.082|L|101|97258.37|GBP|70885897
5560869798|2025|21112025|14052025|US01  |FUEL_NATURAL_GAS_868|848.928|M3|101|56919.07|USD|47153593
5467872742|2025|07062025|05022025|IN02  |FUEL_DIESEL_790|1931.618|L|101|190177.74|INR|51753756
5746752660|2026|22042025|27.03.2025|IN01  |FUEL_PETROL_912|2924.223|L|101|323286.45|INR|28267580
5506928494|2025|12022025|23052025|IN01  |FUEL_DIESEL_122|1528.091|L|101|95187.68|INR|21111649
5704235908|2026|12072025|06092025|US02  |FUEL_HEAVY_FUEL_OIL_334|84.707|MT|101|4887.48|USD|07667886
5190333495|2026|19012026|28042025|MUM01 |FUEL_NATURAL_GAS_808|992.977|M3|101|110724.67|INR|92225008
5032932242|2025|12.03.2025|26.01.2025|MUM01 |FUEL_DIESEL_964|516.993|L|101|38847.34|INR|62517251
5391197384|2025|18022025|29012025|IN01  |FUEL_NATURAL_GAS_601|1234.574|M3|101|79041.91|INR|12372783
5666545334|2026|10012025|14022026|US02  |FUEL_PETROL_345|1442.896|L|101|186477.95|USD|50033800
5865368459|2025|10.07.2025|09042025|DE02  |FUEL_HEAVY_FUEL_OIL_705|91.841|MT|101|5961.02|EUR|59046056
5438834694|2025|03032025|21012025|UK01  |FUEL_HEAVY_FUEL_OIL_175|38.719|MT|101|2704.44|GBP|17940543
5904117933|2025|29052025|06052025|DEL05 |FUEL_HEAVY_FUEL_OIL_914|60.9|MT|101|3413.74|INR|64274343
5139857384|2025|08012025|08012025|MUM01 |FUEL_HEAVY_FUEL_OIL_773|59.316|MT|101|7376.21|INR|69879313
5782532985|2025|"=""07.05.2025"""|28052025|DE01  |FUEL_DIESEL_681|1076.492|L|101|66667.93|EUR|06499293
5051988067|2025|27.03.2025|14042025|MUM01 |FUEL_NATURAL_GAS_501|244.04|M3|101|17746.91|INR|27028017
5848163212|2026|23052025|21092025|IN02  |FUEL_PETROL_542|2558.619|L|101|151532.91|INR|89918218
5153893288|2026|15-Feb-2025|10082025|CHI03 |FUEL_DIESEL_850|1590.492|L|101|228445.38|USD|07238425
5386044145|2025|17.11.2025|31072025|UK01  |FUEL_NATURAL_GAS_272|1745.693|M3|101|196811.57|GBP|72987204
5444991792|2025|13012025|01/12/2025|US02  |FUEL_NATURAL_GAS_262|745.032|M3|101|88113.49|USD|29640004
5953522629|2026|01012025|01.07.2025|UK01  |FUEL_DIESEL_343|1391.279|L|101|85459.26|GBP|08486717
5195911002|2026|08082025|28022025|DEL05 |FUEL_HEAVY_FUEL_OIL_358|68.94|MT|101|9869.25|INR|52337989
5610845387|2025|01012025|01.01.2025|US01  |FUEL_DIESEL_614|1640.822|L|101|136966.51|USD|70379911
5086949404|2026|25022025|12092025|IN01  |FUEL_NATURAL_GAS_189|1154.084|M3|101|108940.64|INR|33176614
5851522459|2025|21062025|19022025|DE02  |FUEL_HEAVY_FUEL_OIL_465|58.241|MT|101|5373.39|EUR|41209378
5983779659|2025|23022025|11042025|LON02 |FUEL_NATURAL_GAS_246|1552.143|M3|101|117406.01|GBP|81849042
5054348499|2026|05012026|01-Jul-2025|DE01  |FUEL_DIESEL_860|3245.474|L|101|435278.29|EUR|76305678
5605788984|2026|15082025|03112025|US02  |FUEL_NATURAL_GAS_445|1687.304|M3|101|97177.43|USD|63245416
5464124274|2025|20032025|26022025|MUM01 |FUEL_HEAVY_FUEL_OIL_996|76.281|MT|101|9082.05|INR|55481968
5718225112|2025|08032025|12022025|DEL05 |FUEL_HEAVY_FUEL_OIL_431|87.897|MT|101|6243.14|INR|98101754
5082931245|2025|25052025|07.01.2025|FRA01 |FUEL_DIESEL_421|1839.282|L|101|213000.12|EUR|79979278
5792460143|2025|26012025|09012025|IN02  |FUEL_DIESEL_834|3262.032|L|101|172283.82|INR|93689982
5545267841|2025|02/28/2025|05022025|DEL05 |FUEL_DIESEL_604|4006.878|L|101|542616.5|INR|30625556
5583695027|2025|20042025|27.07.2025|US01  |FUEL_NATURAL_GAS_389|1008.023|M3|101|75802.39|USD|23399468
5010255292|2026|25032025|13032025|US01  |FUEL_HEAVY_FUEL_OIL_465|95.89|MT|101|7263.86|USD|45920760
5172667575|2025|06012025|28062025|LON02 |FUEL_NATURAL_GAS_990|886.976|M3|101|71279.9|GBP|57615189
5758828570|2026|26032026|15032026|US01  |FUEL_DIESEL_579|4521.975|L|101|652038.78|USD|91919356
5245901222|2025|27012025|04012025|LON02 |FUEL_NATURAL_GAS_578|1482.165|M3|101|200058.48|GBP|37030648
5201353447|2026|08-Aug-2025|23022025|UK01  |FUEL_HEAVY_FUEL_OIL_948|19.925|MT|101|1590.99|GBP|01387013
5921199072|2025|10012025|14012025|CHI03 |FUEL_DIESEL_571|1496.228|L|101|111199.28|USD|90285130
5925033943|2025|13072025|27.09.2025|US02  |FUEL_DIESEL_922|3976.432|L|101|452370.82|USD|06467830
5853426868|2026|13012025|25042026|MUM01 |FUEL_HEAVY_FUEL_OIL_966|49.473|MT|101|6418.25|INR|06270645
5242346149|2025|07062025|20012025|MUM01 |FUEL_HEAVY_FUEL_OIL_862|19.169|MT|101|1888.95|INR|38184171
5730775869|2026|04022026|25082025|US02  |FUEL_PETROL_454|2163.969|L|101|111924.42|USD|38628074
5382672634|2025|29052025|10082025|US01  |FUEL_HEAVY_FUEL_OIL_893|73.774|MT|101|5731.26|USD|96643527
5064425811|2025|24082025|10072025|IN02  |FUEL_PETROL_602|2398.384|L|101|139126.0|INR|05683148
5043347498|2025|10032025|09012025|UK01  |FUEL_PETROL_821|3320.068|L|101|290216.74|GBP|65263411
5608151220|2025|06032025|14022025|LON02 |FUEL_DIESEL_744|4313.998|L|101|225702.82|GBP|38446624
5011333954|2026|29042025|26072025|UK01  |FUEL_NATURAL_GAS_282|1144.362|M3|101|83790.93|GBP|47736768
5554888679|2025|11052025|15012025|FRA01 |FUEL_NATURAL_GAS_702|1377.055|M3|101|193277.5|EUR|33874690
5143388796|2025|05022025|20022025|US01  |FUEL_NATURAL_GAS_972|472.315|M3|101|34085.13|USD|18923764
5858842537|2025|01022025|10072025|UK01  |FUEL_DIESEL_657|2131.333|L|101|125238.47|GBP|60530814
5799527605|2025|23032025|02/25/2025|MUM01 |FUEL_DIESEL_432|2702.064|L|101|178110.0|INR|43517986
5036060201|2026|04112025|29062025|DE01  |FUEL_DIESEL_303|3338.686|L|101|484161.67|EUR|92657896
5409759099|2025|07012025|18012025|UK01  |FUEL_DIESEL_777|1599.51|L|101|161240.86|GBP|32578054
5619044372|2025|02072025|16062025|DEL05 |FUEL_PETROL_925|3220.94|L|101|197681.52|INR|95463007
5202701189|2026|20042025|12052025|FRA01 |FUEL_HEAVY_FUEL_OIL_386|75.441|MT|101|3975.16|EUR|86292535
5935184426|2025|11082025|20022025|LON02 |FUEL_HEAVY_FUEL_OIL_507|54.719|MT|101|4911.26|GBP|04639701
5262939325|2025|24062025|12092025|DE02  |FUEL_NATURAL_GAS_150|749.8|M3|101|90249.54|EUR|09709104
5340900526|2025|01012025|10012025|UK01  |FUEL_NATURAL_GAS_930|896.058|M3|101|128374.55|GBP|15848374
5757273752|2025|29012025|22012025|LON02 |FUEL_PETROL_717|2396.462|L|101|130209.17|GBP|33558880
5148710842|2026|26082025|13112025|DE02  |FUEL_NATURAL_GAS_453|1872.737|M3|101|224799.83|EUR|43972732
5931197352|2026|09112025|09052025|LON02 |FUEL_HEAVY_FUEL_OIL_687|86.662|MT|101|5099.12|GBP|96653692
5443048047|2025|08122025|20042025|IN01  |FUEL_NATURAL_GAS_528|1503.16|M3|101|105726.66|INR|43575765
5379748363|2025|26012025|15.03.2025|CHI03 |FUEL_NATURAL_GAS_140|660.89|M3|101|91096.88|USD|53960671
5120631281|2025|01012025|19012025|MUM01 |FUEL_DIESEL_331|2510.591|L|101|211861.24|INR|47230454
5114745403|2026|01012025|"=""15.03.2025"""|DEL05 |FUEL_DIESEL_184|722.623|L|101|47927.93|INR|19882621
5510355642|2025|01042025|29052025|MUM01 |FUEL_PETROL_672|4478.052|L|101|261298.38|INR|86554767
5356153124|2025|31012025|16022025|IN01  |FUEL_DIESEL_983|4054.55|L|101|553467.79|INR|97066065
5019986923|2025|08/12/2025|13102025|DE02  |FUEL_NATURAL_GAS_536|1112.412|M3|101|119291.57|EUR|83063510
5592697237|2026|14.10.2025|10022025|LON02 |FUEL_DIESEL_313|3916.936|L|101|343334.91|GBP|04068886
5431524272|2025|01.02.2025|09042025|LON02 |FUEL_HEAVY_FUEL_OIL_839|23.173|MT|101|1866.1|GBP|57127618
5879922642|2026|02022025|28112025|LON02 |FUEL_PETROL_965|3010.962|L|101|235660.17|GBP|64323842
5033044045|2026|07062025|03/28/2025|LON02 |FUEL_HEAVY_FUEL_OIL_560|80.733|MT|101|6012.76|GBP|90090551
5462553351|2025|01062025|14042025|IN01  |FUEL_NATURAL_GAS_858|451.475|M3|101|67362.87|INR|69189237
5827022279|2025|"=""25.06.2025"""|06082025|IN02  |FUEL_PETROL_952|2088.447|L|101|151672.08|INR|13208828
5871802721|2025|18022025|04052025|CHI03 |FUEL_DIESEL_923|3385.737|L|101|293721.61|USD|04536765
5062025581|2025|24012025|07022025|MUM01 |FUEL_NATURAL_GAS_945|1579.503|M3|101|210610.9|INR|29859784
5899765484|2026|06112025|10/24/2025|LON02 |FUEL_DIESEL_314|4728.247|L|101|604096.91|GBP|13762375
5477049920|2026|09.10.2025|11102025|US02  |FUEL_DIESEL_403|2419.254|L|101|266696.64|USD|24491959
5705891716|2025|15012025|30012025|US01  |FUEL_NATURAL_GAS_382|1133.726|M3|101|131845.41|USD|26755071
5916648512|2025|09-Jan-2025|21112025|US02  |FUEL_DIESEL_525|2478.259|L|101|141941.84|USD|33852470
5783397742|2025|15.01.2025|09012025|DE01  |FUEL_HEAVY_FUEL_OIL_792|86.798|MT|101|11319.61|EUR|32187900
5357061965|2025|05012025|12012025|IN02  |FUEL_HEAVY_FUEL_OIL_256|8.525|MT|101|426.58|INR|96009656
5482405151|2026|07092025|11072025|DE02  |FUEL_DIESEL_628|2408.838|L|101|275195.93|EUR|13910730
5930418275|2026|06032025|12.02.2025|LON02 |FUEL_PETROL_815|2210.465|L|101|144102.22|GBP|85290107
5050850043|2025|14022025|12032025|DE01  |FUEL_DIESEL_968|2370.708|L|101|199667.21|EUR|15906134
5282473393|2026|27092025|06122025|DE02  |FUEL_PETROL_747|1957.92|L|101|266547.91|EUR|79490886
5121150810|2025|19102025|29112025|IN02  |FUEL_HEAVY_FUEL_OIL_815|91.81|MT|101|12732.8|INR|34999613
5928042400|2026|03012026|06092025|DE01  |FUEL_HEAVY_FUEL_OIL_339|8.599|MT|101|729.67|EUR|29674009
5171967000|2026|10022026|19022025|IN02  |FUEL_HEAVY_FUEL_OIL_574|90.611|MT|101|5742.21|INR|80383531
5907154398|2025|26012025|23012025|UK01  |FUEL_HEAVY_FUEL_OIL_424|77.169|MT|101|6022.63|GBP|26849882
5642385139|2025|09022025|12012025|IN02  |FUEL_NATURAL_GAS_896|248.711|M3|101|34808.13|INR|86631032
5688523100|2026|22012026|19.03.2025|IN01  |FUEL_NATURAL_GAS_306|1969.884|M3|101|152301.75|INR|56791363
5564802103|2025|07012025|23022025|DEL05 |FUEL_NATURAL_GAS_605|293.345|M3|101|20828.03|INR|47559872
5190745921|2025|16022025|05062025|US01  |FUEL_NATURAL_GAS_175|901.168|M3|101|123784.07|USD|18211142
5621083576|2025|10.01.2025|07102025|MUM01 |FUEL_HEAVY_FUEL_OIL_155|98.292|MT|101|14106.87|INR|43112235
5964646525|2025|14062025|15112025|US01  |FUEL_DIESEL_486|4964.776|L|101|707577.68|USD|85428204
5981443550|2025|13022025|20012025|IN02  |FUEL_NATURAL_GAS_612|1843.991|M3|101|130514.3|INR|35555531
5560135606|2025|10012025|07012025|IN02  |FUEL_DIESEL_846|4669.672|L|101|552426.37|INR|39223296
5062589427|2025|15092025|24102025|LON02 |FUEL_NATURAL_GAS_186|1304.103|M3|101|120326.48|GBP|56497400
5598174938|2025|11012025|03012025|MUM01 |FUEL_PETROL_745|1378.773|L|101|179259.14|INR|89263393
5375548011|2026|23012026|21122025|FRA01 |FUEL_HEAVY_FUEL_OIL_317|18.618|MT|101|1426.22|EUR|13924969
5852089107|2025|13.04.2025|24022025|FRA01 |FUEL_HEAVY_FUEL_OIL_706|97.174|MT|101|12868.13|EUR|56501695
5649023149|2026|01082025|23082025|DEL05 |FUEL_NATURAL_GAS_960|522.28|M3|101|66325.41|INR|72682190
5702954444|2025|17-Nov-2025|31.07.2025|US02  |FUEL_PETROL_812|1014.918|L|101|117134.43|USD|31638440
5960334954|2025|01/06/2025|04032025|IN01  |FUEL_HEAVY_FUEL_OIL_871|12.521|MT|101|1123.01|INR|46129853
5781003220|2025|19032025|29062025|DEL05 |FUEL_HEAVY_FUEL_OIL_877|17.43|MT|101|1247.5|INR|79029681
5364082764|2025|14052025|20022025|IN02  |FUEL_DIESEL_372|2339.958|L|101|229581.88|INR|20715578
5888976947|2025|23012025|12052025|LON02 |FUEL_NATURAL_GAS_356|1442.187|M3|101|163987.42|GBP|70542111
5605176132|2026|25-Oct-2025|06.02.2025|CHI03 |FUEL_HEAVY_FUEL_OIL_990|33.539|MT|101|2102.1|USD|91534326
5610680000|2025|09052025|12022025|MUM01 |FUEL_NATURAL_GAS_528|508.901|M3|101|38589.27|INR|46005824
5932629985|2025|09012025|01012025|IN02  |FUEL_NATURAL_GAS_767|1559.637|M3|101|179970.18|INR|73871760
5228818049|2025|15.02.2025|24012025|UK01  |FUEL_PETROL_406|1304.176|L|101|86350.39|GBP|70652679
5764468766|2026|20122025|07082025|UK01  |FUEL_PETROL_812|2951.866|L|101|208712.39|GBP|57313884
5373098159|2026|03022025|25012025|US02  |FUEL_DIESEL_804|3276.537|L|101|392892.64|USD|26050854
5451742040|2025|18012025|06012025|DEL05 |FUEL_HEAVY_FUEL_OIL_296|56.931|MT|101|6106.13|INR|74718395
5317262735|2025|04032025|04062025|FRA01 |FUEL_PETROL_445|3715.232|L|101|325383.81|EUR|77514930
5369955757|2025|16.01.2025|02072025|MUM01 |FUEL_NATURAL_GAS_479|1089.914|M3|101|137084.29|INR|69847442
5666159228|2025|01012025|01.01.2025|CHI03 |FUEL_HEAVY_FUEL_OIL_203|15.828|MT|101|1614.21|USD|79303068
5989264749|2025|15022025|22022025|US02  |FUEL_PETROL_760|3606.204|L|101|320839.98|USD|53015582
5107718262|2025|21052025|07012025|IN02  |FUEL_DIESEL_473|1523.454|L|101|133951.53|INR|42669239
5054708780|2026|11/12/2025|10092025|DEL05 |FUEL_HEAVY_FUEL_OIL_122|12.611|MT|101|867.68|INR|29189770
5840965434|2025|01022025|18.02.2025|IN01  |FUEL_DIESEL_879|1962.264|L|101|245977.58|INR|36513236
5886145425|2025|"=""09.06.2025"""|03092025|US02  |FUEL_HEAVY_FUEL_OIL_591|99.608|MT|101|6394.66|USD|40070551
5664038156|2025|11012025|23012025|UK01  |FUEL_DIESEL_546|2315.386|L|101|283973.01|GBP|82937684
5790064956|2025|09022025|29012025|DE01  |FUEL_DIESEL_284|660.739|L|101|96848.99|EUR|27475220
5613326354|2025|13052025|02062025|DE01  |FUEL_HEAVY_FUEL_OIL_211|57.856|MT|101|8424.66|EUR|43162127
5339117512|2025|01032025|02022025|US02  |FUEL_DIESEL_712|2891.247|L|101|342665.79|USD|91567012
5619015418|2025|09022025|05.03.2025|DE02  |FUEL_NATURAL_GAS_197|1567.814|M3|101|218473.05|EUR|45686177
5016181213|2025|04.02.2025|02012025|US01  |FUEL_DIESEL_339|1424.445|L|101|176426.86|USD|42483140
5062166259|2025|17022025|16032025|DE01  |FUEL_PETROL_709|1293.228|L|101|181555.53|EUR|19775326
5240192056|2025|13012025|06012025|CHI03 |FUEL_DIESEL_938|4395.851|L|101|479008.35|USD|59092843
5387422432|2025|06/15/2025|29052025|DE01  |FUEL_NATURAL_GAS_666|346.37|M3|101|19696.67|EUR|20796624
5414106436|2025|19072025|09072025|CHI03 |FUEL_DIESEL_931|3833.164|L|101|392720.82|USD|98192781
5452706840|2025|27.02.2025|20022025|IN01  |FUEL_NATURAL_GAS_678|312.722|M3|101|37581.79|INR|24883479
5065009860|2026|22082025|16082025|UK01  |FUEL_PETROL_665|3011.11|L|101|246882.35|GBP|82834415
5730486362|2025|31102025|22.01.2025|DEL05 |FUEL_PETROL_355|3828.696|L|101|257172.67|INR|30776094
5987590251|2026|10022026|27072025|LON02 |FUEL_DIESEL_731|4163.148|L|101|313432.84|GBP|97200379
5644535129|2025|05012025|01012025|LON02 |FUEL_NATURAL_GAS_107|1416.228|M3|101|201075.49|GBP|61376125
5123372603|2026|30102025|08032025|IN02  |FUEL_HEAVY_FUEL_OIL_655|86.163|MT|101|9539.74|INR|21864235
5336474376|2025|11032025|26062025|MUM01 |FUEL_PETROL_124|4864.104|L|101|300822.05|INR|81481736
5089669168|2025|06072025|04072025|FRA01 |FUEL_HEAVY_FUEL_OIL_266|58.85|MT|101|8062.69|EUR|03404484
5664294738|2025|03022025|22052025|UK01  |FUEL_PETROL_523|3624.127|L|101|216646.74|GBP|49163688
5174644086|2025|01052025|10042025|UK01  |FUEL_DIESEL_486|1458.8|L|101|143537.5|GBP|39088131
5137048135|2026|18012026|28112025|DEL05 |FUEL_DIESEL_970|3860.844|L|101|370104.2|INR|30841923
5863768184|2025|13052025|03.10.2025|LON02 |FUEL_NATURAL_GAS_498|1104.468|M3|101|61733.69|GBP|16514673
5981994185|2025|11.01.2025|19012025|MUM01 |FUEL_PETROL_391|3252.738|L|101|206814.23|INR|14494303
5223081048|2025|26012025|03072025|IN01  |FUEL_DIESEL_187|3572.434|L|101|305644.74|INR|57494078
5898708622|2025|20042025|31032025|IN01  |FUEL_NATURAL_GAS_960|1229.038|M3|101|157406.7|INR|99093427
5207699372|2025|23042025|18.03.2025|MUM01 |FUEL_HEAVY_FUEL_OIL_290|89.683|MT|101|10588.28|INR|38821574
5337572334|2025|21022025|06012025|MUM01 |FUEL_DIESEL_305|3040.672|L|101|224998.86|INR|77894843
5910481597|2025|20.01.2025|29.01.2025|US01  |FUEL_HEAVY_FUEL_OIL_862|72.92|MT|101|5041.81|USD|27101734
5014378363|2025|05012025|26112025|CHI03 |FUEL_DIESEL_355|1369.458|L|101|181756.59|USD|18886624
5539284444|2025|27052025|06072025|DE01  |FUEL_PETROL_129|1119.787|L|101|136023.41|EUR|28955436
5514723202|2026|26032026|19022025|LON02 |FUEL_DIESEL_423|869.888|L|101|115374.75|GBP|64178381
5286876671|2025|24.01.2025|18012025|CHI03 |FUEL_HEAVY_FUEL_OIL_117|96.904|MT|101|9262.22|USD|03670574
5543930381|2025|17092025|16052025|MUM01 |FUEL_DIESEL_377|2040.462|L|101|137427.84|INR|17973135
5894045221|2025|11092025|17082025|MUM01 |FUEL_HEAVY_FUEL_OIL_700|34.468|MT|101|3164.57|INR|48239477
5683549360|2025|13-Jan-2025|07022025|UK01  |FUEL_NATURAL_GAS_647|1130.019|M3|101|145125.65|GBP|62342517
5564307380|2026|08102025|16092025|US02  |FUEL_NATURAL_GAS_909|928.167|M3|101|109540.19|USD|55287804
5569631014|2026|04072025|27102025|MUM01 |FUEL_DIESEL_969|4639.948|L|101|435242.03|INR|73407157
5775469264|2025|06012025|04012025|IN02  |FUEL_NATURAL_GAS_746|1456.034|M3|101|180464.38|INR|45614507
5105860126|2026|08062025|12012025|MUM01 |FUEL_HEAVY_FUEL_OIL_910|92.681|MT|101|9813.95|INR|49409459
5757172563|2025|05062025|05092025|US02  |FUEL_PETROL_795|4145.674|L|101|491043.7|USD|94210479
5678757328|2025|26092025|19062025|UK01  |FUEL_DIESEL_258|3969.243|L|101|310048.11|GBP|96287537
5940087254|2025|02032025|04042025|DEL05 |FUEL_DIESEL_168|3795.959|L|101|523827.97|INR|70416967
5098417203|2025|02.01.2025|02.02.2025|LON02 |FUEL_DIESEL_967|4959.314|L|101|596966.46|GBP|83853793
5178600022|2025|30042025|10092025|US01  |FUEL_DIESEL_200|1975.194|L|101|140989.71|USD|42349328
5072578035|2025|10052025|20062025|IN01  |FUEL_HEAVY_FUEL_OIL_579|92.736|MT|101|6504.17|INR|06109473
5543955103|2026|31.10.2025|06082025|IN02  |FUEL_HEAVY_FUEL_OIL_862|95.845|MT|101|8484.69|INR|39868154
5453337313|2025|24052025|27042025|LON02 |FUEL_NATURAL_GAS_589|1572.713|M3|101|144696.73|GBP|05754618
5575827216|2025|03022025|07012025|DE01  |FUEL_PETROL_895|2239.474|L|101|242401.93|EUR|33217707
5515194656|2025|18022025|02062025|FRA01 |FUEL_DIESEL_747|1431.504|L|101|154596.35|EUR|08273630
5381850486|2025|13032025|18022025|US01  |FUEL_PETROL_700|4784.938|L|101|484026.43|USD|62702295
5247554775|2026|14032026|03082025|LON02 |FUEL_DIESEL_469|4970.291|L|101|484430.28|GBP|74391043
5008086682|2025|19012025|19012025|LON02 |FUEL_PETROL_677|2417.848|L|101|140685.59|GBP|00123172
5036691681|2025|09032025|11052025|IN01  |FUEL_NATURAL_GAS_441|1659.232|M3|101|137526.06|INR|22202818
5183142463|2025|07022025|16.01.2025|IN02  |FUEL_PETROL_359|2791.83|L|101|233243.31|INR|67906125
5848032806|2026|17032025|15102025|IN01  |FUEL_PETROL_260|3696.813|L|101|326222.23|INR|91890927
5341982123|2025|12092025|21042025|IN02  |FUEL_DIESEL_371|2452.145|L|101|200972.72|INR|71264328
5466232816|2025|10022025|23062025|IN02  |FUEL_PETROL_669|3789.67|L|101|441287.83|INR|82432707
5403571724|2026|25062025|01122025|FRA01 |FUEL_PETROL_379|2647.014|L|101|144292.53|EUR|89819124
5116658918|2026|14032025|18102025|IN01  |FUEL_NATURAL_GAS_349|952.977|M3|101|141881.68|INR|09094723
5416275606|2025|19022025|18032025|US02  |FUEL_HEAVY_FUEL_OIL_426|94.499|MT|101|12943.82|USD|16098844
5954014561|2025|07012025|10012025|IN01  |FUEL_DIESEL_915|2174.056|L|101|219055.56|INR|53591860
5922617135|2025|22.02.2025|15052025|DEL05 |FUEL_DIESEL_757|1199.512|L|101|118578.36|INR|59423109
5536362091|2025|08.05.2025|08012025|MUM01 |FUEL_HEAVY_FUEL_OIL_522|5.103|MT|101|558.94|INR|47508230
5155165126|2026|14082025|05102025|US01  |FUEL_DIESEL_513|1392.501|L|101|108578.92|USD|85005791
5611374412|2025|01032025|26042025|DE01  |FUEL_HEAVY_FUEL_OIL_252|66.589|MT|101|3387.97|EUR|67245399
5257851477|2025|02042025|14042025|DE01  |FUEL_DIESEL_962|4601.437|L|101|458734.3|EUR|00117554
5082164838|2025|21022025|28082025|DEL05 |FUEL_PETROL_233|2251.598|L|101|231029.43|INR|44018356
5296139862|2025|02042025|02032025|IN01  |FUEL_NATURAL_GAS_657|1562.242|M3|101|115932.22|INR|70233378
5981902286|2025|16022025|16032025|UK01  |FUEL_PETROL_552|4138.641|L|101|371837.22|GBP|57643620
5474031557|2025|09012025|26.01.2025|FRA01 |FUEL_HEAVY_FUEL_OIL_643|23.054|MT|101|1587.47|EUR|39480396
5143463222|2025|16112025|23062025|MUM01 |FUEL_HEAVY_FUEL_OIL_721|10.201|MT|101|811.19|INR|01739553
5786531489|2025|18012025|18012025|UK01  |FUEL_PETROL_730|4076.791|L|101|590170.44|GBP|75621820
5126968670|2025|02022025|04052025|DEL05 |FUEL_HEAVY_FUEL_OIL_980|30.422|MT|101|2855.9|INR|69504799
5087044167|2025|06042025|28022025|LON02 |FUEL_PETROL_940|4932.215|L|101|579426.27|GBP|11599017
5837638982|2025|20032025|03012025|IN02  |FUEL_NATURAL_GAS_846|880.492|M3|101|131866.78|INR|86119528
5921120250|2026|23.02.2025|18092025|DEL05 |FUEL_PETROL_271|4384.503|L|101|625107.74|INR|98996219
5728960462|2025|11.01.2025|22012025|LON02 |FUEL_NATURAL_GAS_518|992.885|M3|101|108160.92|GBP|92142701
5448660256|2026|24122025|18012026|US01  |FUEL_NATURAL_GAS_521|696.292|M3|101|92236.39|USD|78970507
5412155234|2025|21022025|05032025|US01  |FUEL_PETROL_558|2545.196|L|101|305540.91|USD|06558309
5786660696|2025|04022025|15012025|FRA01 |FUEL_HEAVY_FUEL_OIL_179|73.276|MT|101|7829.27|EUR|65088781
5762282171|2026|27022025|03112025|IN02  |FUEL_HEAVY_FUEL_OIL_203|81.635|MT|101|5779.25|INR|43875121
5033293398|2026|28102025|03102025|CHI03 |FUEL_HEAVY_FUEL_OIL_279|33.682|MT|101|1907.77|USD|58708660
5728021960|2025|05012025|23012025|IN02  |FUEL_DIESEL_126|3077.1|L|101|287018.91|INR|29972581
5245968231|2025|18022025|28032025|CHI03 |FUEL_HEAVY_FUEL_OIL_739|19.796|MT|101|1966.37|USD|46738561
5154388442|2025|02012025|31012025|CHI03 |FUEL_PETROL_400|1712.066|L|101|170637.79|USD|52242613
5211344985|2025|03012025|21022025|UK01  |FUEL_PETROL_586|3394.022|L|101|208276.45|GBP|97240153
5984614392|2025|25022025|10062025|MUM01 |FUEL_HEAVY_FUEL_OIL_980|48.252|MT|101|3067.61|INR|86963337
5149805458|2025|19032025|08072025|DE01  |FUEL_PETROL_232|4999.504|L|101|343738.38|EUR|24106763
5262956941|2025|20012025|07012025|US01  |FUEL_DIESEL_581|929.956|L|101|135914.45|USD|10434889
5607035718|2026|11102025|18092025|DE02  |FUEL_NATURAL_GAS_381|1995.427|M3|101|121701.6|EUR|83417233
5902159081|2026|15042025|03022025|FRA01 |FUEL_DIESEL_551|3049.105|L|101|243009.16|EUR|71123786
5926089009|2026|28102025|13.04.2025|DE01  |FUEL_NATURAL_GAS_772|891.534|M3|101|77485.87|EUR|52993433
5469440793|2026|27102025|11072025|US01  |FUEL_HEAVY_FUEL_OIL_668|97.763|MT|101|7665.99|USD|99919620
5739311050|2025|05032025|10012025|UK01  |FUEL_PETROL_746|1087.518|L|101|76260.94|GBP|41610657
5190196370|2026|23082025|29092025|UK01  |FUEL_PETROL_113|4845.069|L|101|398644.43|GBP|91451413
5805589146|2025|09032025|11012025|IN02  |FUEL_PETROL_539|2574.497|L|101|358526.75|INR|96517887
5129886504|2025|05052025|30042025|IN01  |FUEL_PETROL_654|592.241|L|101|83093.41|INR|90159394
5595858160|2025|03/13/2025|09072025|DE02  |FUEL_HEAVY_FUEL_OIL_552|63.014|MT|101|7261.56|EUR|52600338
5515438457|2026|16072025|19032025|US02  |FUEL_HEAVY_FUEL_OIL_756|91.906|MT|101|6594.5|USD|32796202
5679057513|2025|26012025|13012025|CHI03 |FUEL_PETROL_389|4170.894|L|101|237193.42|USD|60433998
5956461291|2026|03.04.2026|28012025|DE01  |FUEL_DIESEL_764|1108.043|L|101|138391.06|EUR|19788881
5264274971|2025|21052025|19082025|IN01  |FUEL_NATURAL_GAS_177|1584.836|M3|101|128081.08|INR|19807870
5094033823|2025|11012025|17.01.2025|IN01  |FUEL_HEAVY_FUEL_OIL_814|83.292|MT|101|11117.7|INR|16782175
5847033429|2025|25012025|08012025|MUM01 |FUEL_DIESEL_594|4748.06|L|101|318807.85|INR|80165088
5613500794|2025|08072025|28062025|FRA01 |FUEL_DIESEL_552|2523.836|L|101|265845.75|EUR|94847056
5496573521|2025|20012025|31012025|IN02  |FUEL_PETROL_116|2574.273|L|101|195255.52|INR|18110265
5731771306|2025|20032025|18022025|UK01  |FUEL_DIESEL_572|1018.492|L|101|98650.91|GBP|95472122
5394872799|2025|17.02.2025|29052025|IN02  |FUEL_DIESEL_173|1606.792|L|101|163751.31|INR|06148208
5094636237|2025|22012025|25012025|UK01  |FUEL_DIESEL_575|3385.089|L|101|370042.8|GBP|97921054
5579058273|2025|08012025|03042025|US02  |FUEL_NATURAL_GAS_837|1884.784|M3|101|183141.51|USD|87203955
5145312891|2026|08.12.2025|25.04.2025|MUM01 |FUEL_DIESEL_225|1916.099|L|101|170202.76|INR|06127936
5850668833|2025|07022025|05032025|LON02 |FUEL_PETROL_238|1957.239|L|101|259125.13|GBP|63208526
5446280074|2026|15012025|01042025|LON02 |FUEL_HEAVY_FUEL_OIL_847|76.152|MT|101|8187.28|GBP|45608896
5820674092|2025|08.03.2025|27042025|UK01  |FUEL_DIESEL_712|1226.171|L|101|66140.03|GBP|97911609
5958883073|2025|05012025|02012025|US02  |FUEL_NATURAL_GAS_656|1176.675|M3|101|109462.55|USD|05008934
5907183270|2026|10022026|13012026|DE01  |FUEL_PETROL_337|1615.886|L|101|160686.96|EUR|95463682
5625686634|2025|11.02.2025|03042025|LON02 |FUEL_DIESEL_824|4262.649|L|101|552839.85|GBP|76477023
5017465524|2026|13102025|27062025|DEL05 |FUEL_PETROL_565|2323.229|L|101|235401.43|INR|85054931
5845779396|2025|18012025|20012025|CHI03 |FUEL_HEAVY_FUEL_OIL_328|7.453|MT|101|727.94|USD|04599328
5059146321|2025|13122025|08012025|MUM01 |FUEL_DIESEL_856|3132.655|L|101|393565.17|INR|50370733
5550772833|2025|03.01.2025|14102025|CHI03 |FUEL_HEAVY_FUEL_OIL_816|17.381|MT|101|2379.29|USD|68902183
5024404132|2025|08092025|12082025|DE02  |FUEL_HEAVY_FUEL_OIL_662|40.392|MT|101|3192.71|EUR|04840834
5372406313|2026|06032025|21092025|CHI03 |FUEL_DIESEL_375|2037.791|L|101|131258.73|USD|17560762
5038012796|2025|01.08.2025|21022025|MUM01 |FUEL_DIESEL_777|2192.043|L|101|140222.01|INR|06776372
5543562106|2026|30122025|01112025|US02  |FUEL_HEAVY_FUEL_OIL_730|76.431|MT|101|4825.4|USD|18470674
5252940697|2026|18.07.2025|07042025|LON02 |FUEL_NATURAL_GAS_185|1093.38|M3|101|101801.67|GBP|09672813
5874133263|2025|17022025|12.02.2025|DEL05 |FUEL_PETROL_310|1392.621|L|101|171936.63|INR|49283548
5946077749|2025|19022025|04.07.2025|IN01  |FUEL_DIESEL_347|2506.898|L|101|365590.88|INR|67578113
5851106774|2026|08022026|12122025|IN01  |FUEL_PETROL_377|2132.405|L|101|143953.15|INR|10037488
5019364270|2026|15042026|12092025|DE01  |FUEL_PETROL_532|3153.191|L|101|292973.7|EUR|52403926
5881644236|2025|06062025|24052025|US01  |FUEL_HEAVY_FUEL_OIL_334|64.231|MT|101|6420.41|USD|46054898
5222586261|2025|15012025|04012025|MUM01 |FUEL_HEAVY_FUEL_OIL_573|52.521|MT|101|3167.6|INR|66763247
5303315297|2026|21012025|22102025|LON02 |FUEL_DIESEL_900|3961.665|L|101|573502.81|GBP|20210592
5783530988|2025|15012025|13012025|DE01  |FUEL_PETROL_779|1228.471|L|101|150555.54|EUR|13633283
5830970124|2026|04072025|02042025|MUM01 |FUEL_DIESEL_263|1663.912|L|101|184931.04|INR|29607763
5285000780|2025|19012025|18012025|IN02  |FUEL_DIESEL_781|3998.614|L|101|566974.47|INR|04736055
5706967196|2025|23.02.2025|04052025|MUM01 |FUEL_DIESEL_979|813.445|L|101|117440.24|INR|68888058
5418039855|2025|01022025|02022025|LON02 |FUEL_NATURAL_GAS_538|1304.502|M3|101|123415.36|GBP|30046806
5049766101|2025|08.03.2025|09022025|MUM01 |FUEL_PETROL_790|1406.528|L|101|186533.29|INR|15708029
5638614977|2025|04.02.2025|29012025|DE02  |FUEL_PETROL_948|524.407|L|101|71208.69|EUR|34654654
5610026679|2026|01082025|30072025|US01  |FUEL_DIESEL_209|3318.095|L|101|386364.15|USD|99273309
5148199946|2026|01082025|04112025|FRA01 |FUEL_NATURAL_GAS_428|1339.73|M3|101|98564.19|EUR|18017981
5186900841|2026|18.07.2025|10/07/2025|IN02  |FUEL_DIESEL_388|3632.092|L|101|441820.68|INR|08172279
5738846614|2025|15052025|24042025|DE01  |FUEL_DIESEL_346|1779.126|L|101|176858.39|EUR|36363095
5699179850|2026|19082025|12122025|DE01  |FUEL_PETROL_777|1753.793|L|101|155589.06|EUR|79723853
5617987591|2025|27012025|09032025|CHI03 |FUEL_NATURAL_GAS_743|1804.006|M3|101|153024.56|USD|53879657
5743015954|2026|19082025|05012026|IN02  |FUEL_PETROL_354|1826.062|L|101|169147.45|INR|05737581
5555825958|2025|13022025|10052025|DEL05 |FUEL_DIESEL_576|1046.134|L|101|52646.6|INR|25940582
5075886515|2025|11.01.2025|20022025|CHI03 |FUEL_DIESEL_120|2325.051|L|101|200451.77|USD|39574655
5489461360|2025|03072025|13082025|FRA01 |FUEL_NATURAL_GAS_134|322.395|M3|101|39397.02|EUR|93726582
5299881108|2025|18102025|23.05.2025|IN01  |FUEL_PETROL_352|2513.674|L|101|240614.74|INR|40202087
5155521553|2025|10042025|10022025|MUM01 |FUEL_NATURAL_GAS_714|1635.902|M3|101|196327.73|INR|29059181
5885044311|2026|16032025|12.02.2025|MUM01 |FUEL_DIESEL_230|3056.744|L|101|318822.94|INR|40077184
5412735032|2025|10012025|07022025|LON02 |FUEL_NATURAL_GAS_274|306.217|M3|101|23592.69|GBP|52323799
5004993392|2025|27072025|17092025|DE02  |FUEL_HEAVY_FUEL_OIL_505|77.326|MT|101|4781.15|EUR|69173844
5665904219|2025|01012025|01012025|DE01  |FUEL_DIESEL_974|2507.669|L|101|281675.44|EUR|48214384
5264000111|2025|28022025|03/03/2025|UK01  |FUEL_HEAVY_FUEL_OIL_515|31.41|MT|101|3785.6|GBP|47205193
5402232643|2025|28022025|"=""17.01.2025"""|CHI03 |FUEL_DIESEL_198|1771.686|L|101|105022.64|USD|73578044
5856258236|2025|13012025|11012025|LON02 |FUEL_HEAVY_FUEL_OIL_804|12.366|MT|101|1761.72|GBP|79833696
5996013262|2025|02032025|01072025|MUM01 |FUEL_HEAVY_FUEL_OIL_100|93.065|MT|101|6746.29|INR|61596374
5058875852|2025|15022025|21072025|US02  |FUEL_DIESEL_539|4429.921|L|101|516537.43|USD|27978420
5837943176|2025|13012025|01012025|UK01  |FUEL_HEAVY_FUEL_OIL_523|35.908|MT|101|2341.67|GBP|04271683
5577047395|2025|22032025|23052025|US02  |FUEL_HEAVY_FUEL_OIL_448|22.661|MT|101|1442.99|USD|27316190
5072123338|2026|09022026|11122025|MUM01 |FUEL_PETROL_700|1034.198|L|101|151733.51|INR|80273321
5802260128|2026|19082025|26112025|US02  |FUEL_PETROL_767|2516.142|L|101|179939.2|USD|97160322
5142016781|2025|12012025|21.02.2025|IN01  |FUEL_PETROL_299|2520.566|L|101|251230.63|INR|61249805
5274728737|2026|09012026|18112025|IN02  |FUEL_HEAVY_FUEL_OIL_819|27.671|MT|101|2989.46|INR|53549728
5449210586|2026|09.01.2025|20092025|IN02  |FUEL_PETROL_272|813.534|L|101|57304.91|INR|92327677
5318435496|2025|01012025|05012025|LON02 |FUEL_NATURAL_GAS_200|1705.48|M3|101|205147.1|GBP|51499294
5391276056|2025|30032025|10.02.2025|FRA01 |FUEL_PETROL_155|4388.563|L|101|417886.87|EUR|36395299
5474791840|2025|20.01.2025|28022025|UK01  |FUEL_NATURAL_GAS_467|1427.473|M3|101|191290.62|GBP|02559868
5830449779|2025|01.01.2025|01042025|IN02  |FUEL_HEAVY_FUEL_OIL_817|37.445|MT|101|3029.36|INR|50836393
5863818092|2026|03042025|11112025|IN01  |FUEL_NATURAL_GAS_547|701.837|M3|101|88811.77|INR|29223964
5913248087|2025|18012025|18102025|DE01  |FUEL_NATURAL_GAS_851|1695.109|M3|101|236303.39|EUR|06304443
5201423676|2025|01012025|04.01.2025|FRA01 |FUEL_NATURAL_GAS_459|1644.402|M3|101|125509.72|EUR|15854926
5084711238|2026|10012025|06082025|FRA01 |FUEL_HEAVY_FUEL_OIL_579|57.437|MT|101|3828.44|EUR|35849277
5100546367|2025|31072025|19082025|FRA01 |FUEL_NATURAL_GAS_311|1018.307|M3|101|80351.99|EUR|79180671
5091913200|2025|28032025|09022025|US01  |FUEL_DIESEL_520|4329.157|L|101|504876.67|USD|49465987
5438414119|2026|06102025|24032025|IN02  |FUEL_PETROL_550|4305.066|L|101|527415.15|INR|02866791
5597413914|2025|21022025|02052025|IN02  |FUEL_PETROL_653|2140.504|L|101|300908.65|INR|72931978
5746797489|2025|10012025|09012025|UK01  |FUEL_NATURAL_GAS_988|1244.916|M3|101|103013.98|GBP|37886106
5058967165|2025|12022025|13012025|US01  |FUEL_DIESEL_325|1672.053|L|101|147228.79|USD|70105899
5351012866|2026|11102025|07102025|FRA01 |FUEL_DIESEL_279|4508.477|L|101|226185.82|EUR|06667641
5704898829|2026|06072025|27042025|LON02 |FUEL_DIESEL_921|970.408|L|101|110843.15|GBP|62373916
5873591089|2026|17082025|17082025|IN01  |FUEL_PETROL_269|3524.89|L|101|500514.35|INR|25917901
5308942524|2025|20022025|02042025|FRA01 |FUEL_DIESEL_215|3216.474|L|101|408767.42|EUR|09102598
5835522037|2025|19062025|31012025|IN01  |FUEL_DIESEL_444|2255.673|L|101|326783.82|INR|91168674
5784151158|2026|03052025|25092025|UK01  |FUEL_HEAVY_FUEL_OIL_304|53.172|MT|101|7320.48|GBP|63308573
5230476626|2025|31012025|03122025|DEL05 |FUEL_PETROL_235|3091.016|L|101|253725.86|INR|04851248
5831398082|2025|21122025|17092025|US01  |FUEL_PETROL_224|4497.871|L|101|646505.49|USD|06559007
5816005053|2025|02092025|28052025|IN02  |FUEL_PETROL_804|4701.423|L|101|388003.29|INR|71343433
5922636869|2025|06012025|13012025|DE01  |FUEL_NATURAL_GAS_834|759.372|M3|101|99867.57|EUR|48706434
5658829733|2025|17032025|03022025|CHI03 |FUEL_NATURAL_GAS_912|1604.734|M3|101|231353.16|USD|81109877
5593271476|2025|07082025|19022025|IN01  |FUEL_HEAVY_FUEL_OIL_720|97.601|MT|101|8698.87|INR|15519892
5976094266|2025|19022025|09022025|MUM01 |FUEL_NATURAL_GAS_672|1139.02|M3|101|63942.2|INR|89161342
5938876188|2026|20102025|21082025|US01  |FUEL_HEAVY_FUEL_OIL_478|29.715|MT|101|2205.47|USD|92805540
5971193196|2026|13012026|04022025|DEL05 |FUEL_PETROL_601|4288.645|L|101|424328.86|INR|93612549
5065496193|2026|29122025|26012025|IN01  |FUEL_DIESEL_787|1596.417|L|101|184345.71|INR|35035495
5223084930|2025|26052025|19032025|CHI03 |FUEL_DIESEL_849|3664.824|L|101|422284.03|USD|85849111
5133518008|2026|30.01.2025|08032025|US02  |FUEL_DIESEL_106|4277.047|L|101|566126.35|USD|27593166
5585512815|2025|24012025|09012025|US01  |FUEL_HEAVY_FUEL_OIL_387|82.485|MT|101|4439.32|USD|81003089
5086559137|2025|30042025|05052025|IN02  |FUEL_DIESEL_306|728.163|L|101|69745.51|INR|03863298
5683940043|2026|12062025|25052025|DEL05 |FUEL_PETROL_460|1386.573|L|101|203949.11|INR|43650881
5202456353|2025|05042025|22.03.2025|DE02  |FUEL_NATURAL_GAS_369|760.092|M3|101|111040.75|EUR|35671268
5999120810|2025|04022025|22042025|IN02  |FUEL_PETROL_268|4908.482|L|101|680402.48|INR|22923669
5526980569|2025|14022025|12022025|MUM01 |FUEL_HEAVY_FUEL_OIL_115|97.769|MT|101|6648.6|INR|03884026
5159746270|2025|29.01.2025|08042025|US02  |FUEL_HEAVY_FUEL_OIL_576|52.592|MT|101|2813.07|USD|31442531
5040421507|2026|08062025|"=""28.11.2025"""|IN02  |FUEL_PETROL_264|4136.441|L|101|486422.31|INR|65067438
5014842979|2025|18032025|04082025|DE01  |FUEL_HEAVY_FUEL_OIL_380|31.577|MT|101|2496.58|EUR|92439051
5724894449|2025|03/23/2025|22032025|MUM01 |FUEL_NATURAL_GAS_872|651.633|M3|101|70815.0|INR|83064000
5698165889|2025|03.04.2025|07042025|DEL05 |FUEL_HEAVY_FUEL_OIL_165|97.43|MT|101|9968.25|INR|74346552
5591179980|2025|04082025|17062025|DEL05 |FUEL_HEAVY_FUEL_OIL_501|51.325|MT|101|7207.22|INR|52188472
5492747538|2025|19.01.2025|22012025|IN02  |FUEL_NATURAL_GAS_569|558.821|M3|101|40050.86|INR|23706988
5589295359|2025|01012025|17032025|MUM01 |FUEL_HEAVY_FUEL_OIL_618|33.44|MT|101|4293.45|INR|95233514
5938479706|2025|09032025|26022025|US02  |FUEL_NATURAL_GAS_770|225.653|M3|101|24229.76|USD|20886141
5457963365|2025|04012025|01012025|CHI03 |FUEL_DIESEL_497|4091.116|L|101|560392.86|USD|36968272
5822864087|2025|24012025|19012025|IN01  |FUEL_HEAVY_FUEL_OIL_539|80.124|MT|101|9792.45|INR|52706563
5341111160|2025|02112025|27072025|FRA01 |FUEL_PETROL_842|1706.217|L|101|99899.92|EUR|83083289
5326189648|2026|22052025|21092025|LON02 |FUEL_HEAVY_FUEL_OIL_327|30.259|MT|101|3771.64|GBP|65219682
5798809610|2026|11012026|02032026|IN02  |FUEL_DIESEL_393|2314.169|L|101|155990.18|INR|02113098
5267311608|2025|12012025|"=""30.04.2025"""|LON02 |FUEL_PETROL_590|2479.863|L|101|268618.11|GBP|33044544
5197164146|2025|04-Sep-2025|27012025|DE01  |FUEL_DIESEL_666|4590.427|L|101|347854.05|EUR|82306845
5562831904|2025|11032025|15112025|IN02  |FUEL_NATURAL_GAS_188|1584.63|M3|101|141542.92|INR|56343734
5661218607|2025|19042025|11042025|MUM01 |FUEL_PETROL_273|3395.903|L|101|484248.98|INR|59086268
5506348403|2025|28012025|23052025|IN02  |FUEL_HEAVY_FUEL_OIL_745|65.178|MT|101|5678.41|INR|96644296
5011291663|2025|05012025|07012025|MUM01 |FUEL_PETROL_169|2978.844|L|101|153443.08|INR|61434600
5771733173|2025|02012025|02012025|FRA01 |FUEL_HEAVY_FUEL_OIL_348|25.943|MT|101|1431.83|EUR|88549645
5474854789|2026|20072025|03012025|IN02  |FUEL_PETROL_513|3121.065|L|101|327686.52|INR|63395468
5195975276|2025|24012025|25022025|IN01  |FUEL_PETROL_457|2500.127|L|101|350460.5|INR|97165550
5493534756|2025|28012025|25042025|DE01  |FUEL_NATURAL_GAS_975|1619.553|M3|101|157070.99|EUR|08536373
5200055785|2025|18022025|20042025|IN02  |FUEL_DIESEL_280|899.776|L|101|118878.39|INR|10562841
5809187252|2025|19012025|24022025|LON02 |FUEL_DIESEL_338|1906.926|L|101|260017.84|GBP|18384407
5077624634|2026|23112025|03012026|LON02 |FUEL_PETROL_402|3964.615|L|101|425342.75|GBP|05376725
5103893480|2025|01/07/2025|01012025|US01  |FUEL_NATURAL_GAS_363|1242.771|M3|101|121151.9|USD|45025996
5666145695|2025|05.01.2025|25062025|UK01  |FUEL_NATURAL_GAS_474|1994.991|M3|101|255526.23|GBP|22013282
5882370271|2026|07102025|28052025|US01  |FUEL_DIESEL_370|522.486|L|101|77181.48|USD|48476290
5102877792|2025|04102025|01052025|CHI03 |FUEL_PETROL_829|2697.281|L|101|305527.22|USD|77873469
5958515770|2026|01092025|02092025|MUM01 |FUEL_NATURAL_GAS_317|1319.567|M3|101|179956.39|INR|35674931
5429965640|2025|23.10.2025|"=""20.09.2025"""|CHI03 |FUEL_PETROL_504|2539.719|L|101|343935.47|USD|38822494
5535099050|2025|11022025|16042025|DEL05 |FUEL_DIESEL_678|4518.501|L|101|470432.97|INR|25379875
5146855067|2026|03012026|30062025|IN01  |FUEL_DIESEL_344|3037.933|L|101|182880.42|INR|85303489
5344977094|2025|07022025|07032025|MUM01 |FUEL_HEAVY_FUEL_OIL_254|60.554|MT|101|8857.33|INR|96132496
5425572101|2026|28072025|06012025|LON02 |FUEL_PETROL_586|2195.679|L|101|184504.03|GBP|46759397
5195932264|2025|08092025|20.06.2025|IN01  |FUEL_HEAVY_FUEL_OIL_556|79.448|MT|101|8476.88|INR|61604339
5918856879|2025|02092025|02012025|DE02  |FUEL_NATURAL_GAS_478|1465.067|M3|101|171082.41|EUR|31313595
5796054471|2025|18022025|07.04.2025|DEL05 |FUEL_DIESEL_533|3948.423|L|101|531437.35|INR|61037692
5893266817|2026|13092025|17032025|LON02 |FUEL_HEAVY_FUEL_OIL_320|20.656|MT|101|1736.2|GBP|58642996
5178799465|2025|03012025|15012025|MUM01 |FUEL_NATURAL_GAS_295|1715.562|M3|101|143655.43|INR|78120960
5549683408|2025|02082025|15062025|US02  |FUEL_DIESEL_871|2363.865|L|101|296718.41|USD|26354267
5531504401|2026|08082025|21072025|UK01  |FUEL_PETROL_248|3939.311|L|101|277743.05|GBP|54163994
5915662664|2026|12/18/2025|07112025|DEL05 |FUEL_DIESEL_711|2473.945|L|101|144915.22|INR|59660398
5365435860|2026|01032026|04012026|DEL05 |FUEL_PETROL_305|582.515|L|101|85975.22|INR|74220803
5364016210|2025|11022025|31.01.2025|UK01  |FUEL_NATURAL_GAS_555|1825.825|M3|101|218412.29|GBP|77523126
5140457501|2025|29082025|17032025|FRA01 |FUEL_HEAVY_FUEL_OIL_204|88.585|MT|101|11239.73|EUR|74071014
5031149429|2025|"=""18.05.2025"""|30102025|UK01  |FUEL_HEAVY_FUEL_OIL_280|44.626|MT|101|5119.05|GBP|86820350
5337902174|2025|10012025|"=""12.01.2025"""|UK01  |FUEL_PETROL_667|3188.939|L|101|191373.74|GBP|18998622
5464746909|2026|23042025|20122025|UK01  |FUEL_PETROL_550|4795.285|L|101|248785.88|GBP|78559433
5104246342|2026|19042025|05082025|LON02 |FUEL_DIESEL_129|2549.838|L|101|156156.92|GBP|15012951
5926207307|2025|04022025|12012025|US02  |FUEL_NATURAL_GAS_545|817.647|M3|101|105593.62|USD|77379687
5427973797|2025|23042025|22042025|DEL05 |FUEL_PETROL_290|832.367|L|101|79666.2|INR|51793045
5784575553|2026|01012026|03022025|IN02  |FUEL_PETROL_757|2002.05|L|101|204471.62|INR|82629167
5686865660|2025|15052025|09032025|UK01  |FUEL_NATURAL_GAS_200|1018.084|M3|101|109445.56|GBP|44140921
5623562345|2026|21012026|29062025|US02  |FUEL_HEAVY_FUEL_OIL_376|14.007|MT|101|944.57|USD|37110493
5338934791|2025|21102025|23112025|US01  |FUEL_NATURAL_GAS_887|1446.394|M3|101|113915.54|USD|32206096
5146907815|2025|19022025|30012025|IN02  |FUEL_HEAVY_FUEL_OIL_725|51.705|MT|101|6396.64|INR|45010584
5079029356|2026|03032025|31072025|DEL05 |FUEL_PETROL_902|1811.072|L|101|248488.12|INR|70571792
5038677060|2025|14032025|12052025|CHI03 |FUEL_DIESEL_742|4455.805|L|101|434425.17|USD|36287206
5924842874|2025|23.04.2025|12022025|US02  |FUEL_PETROL_879|3272.636|L|101|479711.5|USD|34358661
5170125006|2025|01012025|01012025|IN01  |FUEL_HEAVY_FUEL_OIL_803|62.004|MT|101|3232.41|INR|77524817
5100831855|2025|16022025|08042025|MUM01 |FUEL_PETROL_435|2558.177|L|101|376780.07|INR|63403156
5737641432|2025|11052025|02032025|DE02  |FUEL_HEAVY_FUEL_OIL_479|33.382|MT|101|2802.27|EUR|10829491
5545851297|2026|16032025|23012025|LON02 |FUEL_PETROL_968|2316.866|L|101|146961.02|GBP|59605548
5720026020|2025|18012025|26032025|CHI03 |FUEL_HEAVY_FUEL_OIL_584|6.08|MT|101|545.56|USD|69417362
5665938295|2025|28032025|14072025|IN02  |FUEL_NATURAL_GAS_810|903.827|M3|101|128514.41|INR|97973546
5282077561|2025|10022025|14012025|MUM01 |FUEL_NATURAL_GAS_589|1758.463|M3|101|150160.96|INR|77962157
5996469958|2025|08012025|01/13/2025|IN02  |FUEL_DIESEL_893|4690.978|L|101|515972.46|INR|67039837
5549214550|2025|18052025|15012025|FRA01 |FUEL_DIESEL_355|4752.882|L|101|569273.4|EUR|70223728
5577647015|2025|23072025|04082025|US01  |FUEL_PETROL_747|1101.797|L|101|78567.76|USD|67538804
5726765900|2025|23042025|12022025|UK01  |FUEL_HEAVY_FUEL_OIL_613|80.149|MT|101|4599.2|GBP|13133147
5622878787|2025|12012025|28022025|US02  |FUEL_PETROL_776|4653.346|L|101|407463.07|USD|90811880
5479356694|2025|15012025|17032025|LON02 |FUEL_PETROL_490|3758.554|L|101|305351.94|GBP|74022509
5649604641|2026|13.04.2025|01.08.2025|DEL05 |FUEL_NATURAL_GAS_897|1104.145|M3|101|113488.77|INR|73226430
5937739435|2025|02012025|01012025|FRA01 |FUEL_NATURAL_GAS_756|1487.011|M3|101|158731.56|EUR|65262522
5321142170|2025|14022025|31052025|UK01  |FUEL_NATURAL_GAS_988|214.59|M3|101|21073.75|GBP|31181177
5703427033|2025|08042025|15072025|UK01  |FUEL_NATURAL_GAS_707|1282.719|M3|101|80281.38|GBP|07978767
5885642600|2025|13062025|05022025|UK01  |FUEL_HEAVY_FUEL_OIL_400|96.043|MT|101|6838.7|GBP|54994229
5415947602|2025|18112025|19-Jul-2025|LON02 |FUEL_NATURAL_GAS_947|992.775|M3|101|101906.67|GBP|68489940
5735990954|2026|04112025|20102025|UK01  |FUEL_PETROL_375|2644.721|L|101|237769.94|GBP|86522374
5574050906|2026|03022025|29032025|IN01  |FUEL_NATURAL_GAS_875|581.249|M3|101|68176.42|INR|41392819
5545584574|2026|29112025|17122025|UK01  |FUEL_DIESEL_696|3982.625|L|101|518547.64|GBP|73909961
5245350199|2026|15112025|05042025|IN01  |FUEL_HEAVY_FUEL_OIL_542|58.624|MT|101|7856.92|INR|41245282
5581122440|2025|01022025|30012025|UK01  |FUEL_NATURAL_GAS_183|657.066|M3|101|88874.61|GBP|05595446
5070085289|2025|02052025|04082025|MUM01 |FUEL_DIESEL_688|1632.468|L|101|216489.22|INR|92511249
5237758583|2026|14122025|15022025|IN02  |FUEL_DIESEL_597|3931.941|L|101|265362.33|INR|75071533
5027249092|2025|28.04.2025|22052025|IN02  |FUEL_HEAVY_FUEL_OIL_548|97.884|MT|101|13123.39|INR|66072727
5519011055|2026|25062025|16072025|IN02  |FUEL_DIESEL_375|4240.066|L|101|609430.83|INR|19226326
5461949582|2026|27042025|28062025|DE02  |FUEL_HEAVY_FUEL_OIL_263|11.865|MT|101|835.32|EUR|89926630
5906611075|2025|01032025|24062025|UK01  |FUEL_DIESEL_830|701.09|L|101|96634.83|GBP|62414240
5448221811|2025|25092025|18072025|IN01  |FUEL_DIESEL_327|1964.039|L|101|182443.03|INR|78880414
5470126483|2025|"=""25.03.2025"""|02/03/2025|FRA01 |FUEL_DIESEL_389|4920.786|L|101|318916.58|EUR|69680391
5967364928|2025|17062025|07052025|US02  |FUEL_NATURAL_GAS_532|1645.268|M3|101|238420.27|USD|15622825
5334284928|2025|11022025|27012025|US02  |FUEL_NATURAL_GAS_814|564.471|M3|101|39355.32|USD|74117460
5467058628|2025|23082025|25042025|IN01  |FUEL_HEAVY_FUEL_OIL_654|43.24|MT|101|4169.8|INR|57774661
5709836602|2025|08022025|26012025|CHI03 |FUEL_PETROL_300|3761.523|L|101|539042.5|USD|15090207
5933787223|2025|13012025|26082025|IN02  |FUEL_HEAVY_FUEL_OIL_557|83.941|MT|101|12326.08|INR|55672178
5287090448|2025|09082025|22012025|CHI03 |FUEL_PETROL_474|3460.209|L|101|317922.13|USD|46873304
5432737514|2025|21.08.2025|04042025|DEL05 |FUEL_DIESEL_302|1236.422|L|101|134036.91|INR|99306344
5025279361|2026|29012026|22072025|IN01  |FUEL_NATURAL_GAS_859|1427.171|M3|101|199686.87|INR|67185075
5792243164|2025|05012025|13012025|LON02 |FUEL_NATURAL_GAS_582|618.286|M3|101|50512.75|GBP|31095709
5305138120|2026|26042025|21012025|LON02 |FUEL_DIESEL_604|4665.305|L|101|364087.51|GBP|46829580
5193592645|2025|13082025|20082025|IN01  |FUEL_NATURAL_GAS_844|1895.124|M3|101|154286.97|INR|65083097
5432473686|2026|13012025|03102025|LON02 |FUEL_NATURAL_GAS_689|1068.991|M3|101|67652.9|GBP|46364023
5052828116|2025|14042025|02042025|US01  |FUEL_PETROL_433|3285.379|L|101|169147.02|USD|74217550
5293920727|2025|03012025|01042025|DEL05 |FUEL_HEAVY_FUEL_OIL_252|81.38|MT|101|10484.82|INR|32101266
5606029052|2026|21082025|14.01.2025|DEL05 |FUEL_NATURAL_GAS_266|1223.295|M3|101|152241.8|INR|94443865
5969932984|2026|06082025|04042026|LON02 |FUEL_DIESEL_713|1308.193|L|101|139261.61|GBP|79584241
5310728945|2026|20-Feb-2026|02.11.2025|DEL05 |FUEL_HEAVY_FUEL_OIL_920|56.492|MT|101|4072.56|INR|53898630
5817417612|2025|28022025|04012025|IN01  |FUEL_NATURAL_GAS_776|1767.683|M3|101|255253.78|INR|60585808
5174375829|2026|23.05.2025|30092025|US02  |FUEL_HEAVY_FUEL_OIL_258|27.389|MT|101|1932.65|USD|53201625
5791328412|2025|07012025|08/24/2025|DEL05 |FUEL_HEAVY_FUEL_OIL_148|10.157|MT|101|716.3|INR|56360301
5065003501|2026|17022025|26-Jul-2025|DEL05 |FUEL_HEAVY_FUEL_OIL_475|58.313|MT|101|7024.55|INR|34307364
5654651387|2026|19112025|10062025|CHI03 |FUEL_DIESEL_648|3237.012|L|101|400869.39|USD|90507478
5598099760|2026|26042025|03102025|US02  |FUEL_HEAVY_FUEL_OIL_769|56.475|MT|101|4585.64|USD|75191380
5811243412|2025|03022025|27.01.2025|FRA01 |FUEL_DIESEL_683|2958.316|L|101|361134.33|EUR|01603341
5284031983|2025|25022025|29-Jan-2025|LON02 |FUEL_PETROL_296|773.656|L|101|108510.47|GBP|18361715
5800447305|2025|01012025|01012025|US01  |FUEL_DIESEL_413|3063.915|L|101|292197.98|USD|50469288
5149253048|2025|02012025|20.07.2025|MUM01 |FUEL_DIESEL_720|2840.409|L|101|292140.15|INR|42770629
5928359670|2025|03.04.2025|25032025|LON02 |FUEL_HEAVY_FUEL_OIL_699|21.78|MT|101|2953.01|GBP|03690837
5329557142|2025|18062025|01022025|DE02  |FUEL_NATURAL_GAS_668|1452.798|M3|101|86773.16|EUR|07867626
5692203237|2026|15082025|09022025|DE01  |FUEL_PETROL_769|4152.587|L|101|461213.18|EUR|57403612
5014562792|2025|16012025|13072025|US02  |FUEL_DIESEL_994|1129.995|L|101|67558.03|USD|62141734
5081571020|2025|05072025|12062025|US01  |FUEL_PETROL_853|3895.802|L|101|328523.29|USD|10718694
5270853472|2025|25112025|01102025|LON02 |FUEL_DIESEL_475|4954.635|L|101|513219.33|GBP|22673537
5333853131|2025|17022025|03022025|LON02 |FUEL_HEAVY_FUEL_OIL_106|16.63|MT|101|1958.14|GBP|55577326
5570993184|2025|19012025|10042025|MUM01 |FUEL_DIESEL_619|2644.412|L|101|256373.39|INR|59510590
5322942856|2025|15042025|25032025|DEL05 |FUEL_DIESEL_591|1230.144|L|101|179278.97|INR|19696065
5192270400|2025|18032025|30012025|IN01  |FUEL_HEAVY_FUEL_OIL_551|51.808|MT|101|3977.33|INR|52181860
5819318477|2026|05022025|30072025|LON02 |FUEL_DIESEL_586|1378.447|L|101|160077.28|GBP|93560856
5606183048|2025|12022025|03012025|DEL05 |FUEL_PETROL_174|4614.758|L|101|314883.17|INR|54135423
5244688797|2025|16032025|15032025|LON02 |FUEL_PETROL_489|1443.082|L|101|206743.9|GBP|38658236
5195232361|2026|07032025|06102025|IN01  |FUEL_DIESEL_486|4037.841|L|101|362506.42|INR|83257346
5878487115|2025|13092025|07072025|US02  |FUEL_HEAVY_FUEL_OIL_987|23.174|MT|101|2296.19|USD|51342778
5212960674|2026|24032026|17012026|UK01  |FUEL_HEAVY_FUEL_OIL_413|84.737|MT|101|12558.65|GBP|22686756
5841169745|2026|09012026|08-Jun-2025|CHI03 |FUEL_HEAVY_FUEL_OIL_834|12.835|MT|101|824.83|USD|05710510
5784572421|2025|19042025|28012025|US02  |FUEL_DIESEL_368|4700.919|L|101|677351.98|USD|70728124
5469779887|2025|29032025|04092025|IN02  |FUEL_DIESEL_227|2892.017|L|101|195573.34|INR|87012683
5131619354|2025|14.01.2025|17022025|MUM01 |FUEL_DIESEL_179|3985.402|L|101|252905.71|INR|74056049
5074846303|2025|14032025|10012025|CHI03 |FUEL_PETROL_644|1249.09|L|101|114924.3|USD|23572660
5935700364|2025|04062025|20062025|IN01  |FUEL_PETROL_641|4635.034|L|101|661558.27|INR|52267292
5386977514|2025|19052025|17072025|US01  |FUEL_PETROL_973|3567.422|L|101|476918.88|USD|17703144
5475551819|2026|19.09.2025|18102025|DEL05 |FUEL_NATURAL_GAS_350|1507.056|M3|101|86793.81|INR|15172741
5512865882|2025|06.01.2025|02012025|IN01  |FUEL_DIESEL_629|4664.271|L|101|456265.49|INR|26836694
5052067941|2025|02012025|04092025|IN02  |FUEL_NATURAL_GAS_582|1929.237|M3|101|199047.13|INR|69365023
5670155565|2025|03112025|08012025|DE02  |FUEL_NATURAL_GAS_385|824.881|M3|101|43862.61|EUR|97502986
5716471211|2025|08052025|27012025|FRA01 |FUEL_DIESEL_863|4292.945|L|101|439084.85|EUR|15729740
5316190919|2025|31032025|02022025|FRA01 |FUEL_HEAVY_FUEL_OIL_503|22.329|MT|101|1164.12|EUR|11475835
5302647309|2025|14022025|16.01.2025|MUM01 |FUEL_NATURAL_GAS_879|1399.061|M3|101|157777.92|INR|94311680
5195136676|2026|10122025|24062025|US01  |FUEL_PETROL_867|3835.881|L|101|312523.03|USD|46671635
5408393335|2025|18092025|29082025|DEL05 |FUEL_NATURAL_GAS_137|1397.691|M3|101|110346.77|INR|46394608
5756926807|2026|20042025|18072025|DEL05 |FUEL_HEAVY_FUEL_OIL_988|89.592|MT|101|8702.6|INR|07062956
5499142046|2025|07082025|03022025|DE01  |FUEL_DIESEL_765|3363.313|L|101|220801.8|EUR|02157479
5655572276|2025|"=""04.05.2025"""|11012025|US01  |FUEL_PETROL_173|3526.339|L|101|435899.7|USD|35825785
5992954270|2025|16042025|05.04.2025|IN02  |FUEL_PETROL_356|1554.604|L|101|207494.66|INR|79509670
5293708522|2025|22022025|12092025|DE02  |FUEL_DIESEL_231|3213.677|L|101|371655.12|EUR|07004490
5912719928|2025|11032025|01/18/2025|IN01  |FUEL_HEAVY_FUEL_OIL_237|48.222|MT|101|5083.06|INR|13423966
5299032916|2025|16062025|21012025|US02  |FUEL_PETROL_185|2455.35|L|101|160828.5|USD|24256210
5361999110|2025|04-Jan-2025|05012025|DEL05 |FUEL_NATURAL_GAS_552|1419.928|M3|101|106104.52|INR|86414473
5891090405|2025|11072025|04072025|UK01  |FUEL_DIESEL_721|3865.542|L|101|465151.19|GBP|36990497
5676303532|2025|04022025|19022025|DEL05 |FUEL_PETROL_195|1369.415|L|101|84161.05|INR|44860018
5796099614|2026|05052025|21032025|FRA01 |FUEL_HEAVY_FUEL_OIL_342|78.592|MT|101|8580.5|EUR|45541934
5770573629|2025|16092025|18122025|US01  |FUEL_PETROL_274|2775.554|L|101|160610.64|USD|06065315
5013267729|2026|11052025|04092025|IN01  |FUEL_DIESEL_677|4954.564|L|101|252835.93|INR|90971793
5365958931|2026|28022025|06012025|US01  |FUEL_NATURAL_GAS_820|1526.331|M3|101|151322.98|USD|84463654
5715809839|2025|17062025|17022025|UK01  |FUEL_DIESEL_685|2763.843|L|101|222471.35|GBP|08403786
5912937988|2026|20012026|25112025|DEL05 |FUEL_NATURAL_GAS_592|505.253|M3|101|60881.35|INR|03402689
5234366564|2026|05012026|27012026|MUM01 |FUEL_NATURAL_GAS_472|1205.858|M3|101|93503.45|INR|71420539
5678190302|2026|"=""29.03.2025"""|19072025|UK01  |FUEL_NATURAL_GAS_752|771.237|M3|101|46858.27|GBP|60427788
5391188089|2025|08012025|05012025|UK01  |FUEL_NATURAL_GAS_875|1614.096|M3|101|138014.23|GBP|70274288
5742022260|2026|23062025|09082025|IN02  |FUEL_PETROL_816|935.223|L|101|123413.11|INR|17804233
5405925670|2025|29032025|30032025|IN01  |FUEL_NATURAL_GAS_905|1574.08|M3|101|177609.35|INR|20372066
5908633639|2026|05.06.2025|12052025|IN02  |FUEL_DIESEL_235|1468.533|L|101|125014.78|INR|67686286
5290496943|2025|24022025|02032025|DEL05 |FUEL_DIESEL_797|4253.626|L|101|531219.13|INR|24486937
