account_number,service_address,meter_id,billing_start,billing_end,read_type,consumption_kwh,peak_demand_kw,demand_charge,energy_charge,total_amount,currency
598897257,"Chicago Distribution Center, Plot 45",MTR-IND-283,2024-12-02,2025-01-01,ACTUAL,466077.7,5831.51,616422.54,3172444.41,3788866.95,USD
740742832,"Frankfurt Logistics Hub, Industrial Area",MTR-USA-224,2024-12-02,2025-01-01,ACTUAL,407039.57,5545.0,829411.4,2822445.57,3651856.97,USD
297675807,"Pune Manufacturing Plant, Sector 12",MTR-USA-095,2024-12-02,2025-01-01,ACTUAL,803825.6,15633.96,1502598.4,6182269.82,7684868.22,USD
938896491,"Frankfurt Logistics Hub, Plot 45",MTR-GER-194,2024-12-02,2025-01-01,ACTUAL,368978.54,4609.78,640931.23,5166630.34,5807561.57,USD
820518351,"Mumbai Corporate Office, Industrial Area",MTR-USA-215,2024-12-02,2025-01-01,ACTUAL,114983.88,1437.21,122217.15,1185944.69,1308161.84,USD
629732297,"Pune Manufacturing Plant, Industrial Area",MTR-USA-605,2024-12-02,2025-01-01,ACTUAL,959713.43,11693.33,1454481.97,5055332.62,6509814.59,USD
545053531,"Chicago Distribution Center, Plot 45",MTR-GER-373,2024-12-02,2025-01-01,ACTUAL,644260.47,6598.03,578016.0,9361681.99,9939697.99,USD
296796612,"Frankfurt Logistics Hub, Sector 12",MTR-UK-792,2024-12-02,2025-01-01,ACTUAL,254501.77,3631.35,455976.2,2922683.54,3378659.74,USD
675855250,"Mumbai Corporate Office, Sector 12",MTR-USA-959,2024-12-02,2025-01-01,ACTUAL,,1561.37,188040.04,569381.24,757421.28,USD
932753490,"London Sales Office, Sector 12",MTR-USA-483,2024-12-02,2025-01-01,ACTUAL,60624.32,937.08,79041.82,800759.9,879801.72,USD
826833442,"London Sales Office, Sector 12",MTR-UK-684,2024-12-02,2025-01-01,ACTUAL,61777.69,1007.06,93257.5,845355.4,938612.9,USD
548664455,"Frankfurt Logistics Hub, Sector 12",MTR-GER-841,2024-12-02,2025-01-01,ACTUAL,394939.14,4572.92,515065.46,5267393.56,5782459.02,USD
280898253,"Pune Manufacturing Plant, Plot 45",MTR-UK-626,2024-12-02,2025-01-01,ACTUAL,636212.43,7311.48,849406.8,6759708.18,7609114.98,USD
154502563,"Frankfurt Logistics Hub, Sector 12",MTR-USA-546,2024-12-02,2025-01-01,ACTUAL,322903.27,3464.9,283432.32,4033987.98,4317420.3,USD
798771117,"Chicago Distribution Center, Sector 12",MTR-IND-204,2024-12-02,2025-01-01,ACTUAL,383914.34,6786.82,789201.83,5193804.92,5983006.75,USD
632244886,"Chicago Distribution Center, Plot 45",MTR-USA-908,2024-12-02,2025-01-01,ACTUAL,568704.84,9661.35,1138462.18,7371677.36,8510139.54,USD
731495852,"Pune Manufacturing Plant, Sector 12",MTR-IND-113,2024-12-02,2025-01-01,ACTUAL,550230.36,5846.49,862852.54,7796637.63,8659490.17,USD
180973462,"Chicago Distribution Center, Industrial Area",MTR-GER-003,2024-12-02,2025-01-01,ACTUAL,524937.82,7259.96,678978.65,6052476.47,6731455.12,USD
798861076,"Mumbai Corporate Office, Industrial Area",MTR-UK-321,2024-12-02,2025-01-01,ACTUAL,133133.59,1375.15,159741.25,1214827.93,1374569.18,USD
493515675,"Frankfurt Logistics Hub, Plot 45",MTR-UK-466,2024-12-02,2025-01-01,ACTUAL,404931.02,5898.66,493919.27,5850137.46,6344056.73,USD
540436380,"Pune Manufacturing Plant, Sector 12",MTR-GER-643,2024-12-02,2025-01-01,ACTUAL,571870.42,10223.6,1003972.96,7200023.58,8203996.54,USD
164005038,"London Sales Office, Industrial Area",MTR-UK-007,2024-12-02,2025-01-01,ACTUAL,72691.79,1417.41,133489.64,511213.78,644703.42,USD
849824707,"Mumbai Corporate Office, Sector 12",MTR-IND-277,2024-12-02,2025-01-01,ACTUAL,67111.13,901.7,87895.47,731527.56,819423.03,USD
809288563,"Pune Manufacturing Plant, Plot 45",MTR-UK-954,2024-12-02,2025-01-01,ACTUAL,750402.17,10821.28,1010854.71,6717243.05,7728097.76,USD
925111274,"Frankfurt Logistics Hub, Industrial Area",MTR-UK-312,2024-12-02,2025-01-01,ACTUAL,264071.25,3315.51,365243.57,3524708.23,3889951.8,USD
683064300,"Mumbai Corporate Office, Industrial Area",MTR-GER-914,2025-01-01,2025-01-31,ACTUAL,143565.11,2670.98,229559.79,1608125.3,1837685.09,USD
588214662,"Chicago Distribution Center, Plot 45",MTR-GER-028,2025-01-01,2025-01-31,ESTIMATED,515088.59,6729.8,936926.11,3981167.19,4918093.3,USD
854455711,"London Sales Office, Industrial Area",MTR-IND-597,2025-01-01,2025-01-31,ACTUAL,76932.2,1477.76,189726.95,698051.5,887778.45,USD
247687164,"Pune Manufacturing Plant, Plot 45",MTR-UK-085,2025-01-01,2025-01-31,ESTIMATED,811730.23,13756.19,1271086.94,5018000.59,6289087.53,USD
145837955,"London Sales Office, Industrial Area",MTR-USA-009,2025-01-01,2025-01-31,ACTUAL,73812.1,745.72,94222.99,408939.81,503162.8,USD
966395851,"Chicago Distribution Center, Sector 12",MTR-USA-441,2025-01-01,2025-01-31,ACTUAL,451708.72,7719.19,651413.86,3640204.1,4291617.96,USD
596632381,"London Sales Office, Sector 12",MTR-USA-616,2025-01-01,2025-01-31,ACTUAL,90103.28,925.04,106099.68,754362.04,860461.72,USD
831915655,"London Sales Office, Sector 12",MTR-USA-969,2025-01-01,2025-01-31,ESTIMATED,78135.06,846.65,119830.35,1056021.53,1175851.88,USD
166276168,"Frankfurt Logistics Hub, Plot 45",MTR-IND-813,2025-01-01,2025-01-31,ACTUAL,358417.71,5112.94,553730.81,5234110.31,5787841.12,USD
815297232,"Chicago Distribution Center, Plot 45",MTR-IND-498,2025-01-01,2025-01-31,ESTIMATED,401342.72,6428.45,960293.53,4583528.4,5543821.93,USD
789933445,"London Sales Office, Sector 12",MTR-GER-276,2025-01-01,2025-01-31,ACTUAL,87463.27,1273.56,120071.65,747455.0,867526.65,USD
608055249,"Chicago Distribution Center, Industrial Area",MTR-USA-982,2025-01-01,2025-01-31,ACTUAL,655623.37,12932.56,1936071.89,4485118.24,6421190.13,USD
643371210,"Frankfurt Logistics Hub, Industrial Area",MTR-USA-292,2025-01-01,2025-01-31,ACTUAL,366024.41,3969.22,530500.97,1970820.35,2501321.32,USD
286031173,"Chicago Distribution Center, Sector 12",MTR-USA-174,2025-01-01,2025-01-31,ACTUAL,546153.32,6309.09,786043.22,3953561.39,4739604.61,USD
725269776,"London Sales Office, Industrial Area",MTR-USA-641,2025-01-01,2025-01-31,ACTUAL,65063.31,828.45,79711.78,870273.72,949985.5,USD
164161659,"Pune Manufacturing Plant, Sector 12",MTR-IND-792,2025-01-01,2025-01-31,ACTUAL,606703.78,6226.1,813444.18,7494724.69,8308168.87,USD
230413252,"Chicago Distribution Center, Sector 12",MTR-USA-605,2025-01-01,2025-01-31,ESTIMATED,570508.64,9725.57,1323104.97,7570506.28,8893611.25,USD
962638937,"London Sales Office, Industrial Area",MTR-UK-651,2025-01-01,2025-01-31,ACTUAL,61537.75,642.79,85726.63,721174.9,806901.53,USD
409018552,"Mumbai Corporate Office, Industrial Area",MTR-UK-126,2025-01-01,2025-01-31,ACTUAL,91189.87,1023.93,134385.02,497445.95,631830.97,USD
786315261,"Pune Manufacturing Plant, Industrial Area",MTR-GER-237,2025-01-01,2025-01-31,ACTUAL,859278.51,10555.26,958704.22,11689202.56,12647906.78,USD
670842793,"Chicago Distribution Center, Plot 45",MTR-UK-710,2025-01-01,2025-01-31,ACTUAL,560614.19,7056.51,612673.81,5401471.19,6014145.0,USD
429133855,"Frankfurt Logistics Hub, Sector 12",MTR-UK-816,2025-01-01,2025-01-31,ACTUAL,349098.06,6245.45,832829.31,4204037.73,5036867.04,USD
219327944,"London Sales Office, Industrial Area",MTR-UK-642,2025-01-01,2025-01-31,ACTUAL,70445.77,768.09,90170.89,1045727.41,1135898.3,USD
205435321,"Chicago Distribution Center, Sector 12",MTR-UK-500,2025-01-01,2025-01-31,ACTUAL,634901.46,8438.0,930238.34,7707564.22,8637802.56,USD
961246484,"Chicago Distribution Center, Sector 12",MTR-UK-559,2025-01-01,2025-01-31,ACTUAL,602090.49,9706.53,1381760.15,3606507.26,4988267.41,USD
167386051,"Mumbai Corporate Office, Sector 12",MTR-USA-906,2025-01-31,2025-03-02,ESTIMATED,138377.18,2422.0,358005.61,1798466.45,2156472.06,USD
842105494,"Frankfurt Logistics Hub, Industrial Area",MTR-IND-623,2025-01-31,2025-03-02,ACTUAL,279803.54,5310.34,489965.46,1805277.41,2295242.87,USD
119081173,"Frankfurt Logistics Hub, Industrial Area",MTR-USA-323,2025-01-31,2025-03-02,ACTUAL,361931.38,3713.25,520294.94,3887021.96,4407316.9,USD
786630285,"Pune Manufacturing Plant, Plot 45",MTR-IND-206,2025-01-31,2025-03-02,ACTUAL,838479.52,10836.98,1030255.55,6569115.4,7599370.95,USD
992444989,"Frankfurt Logistics Hub, Sector 12",MTR-GER-270,2025-01-31,2025-03-02,ACTUAL,337662.7,6372.3,513791.55,2647365.75,3161157.3,USD
465490305,"Chicago Distribution Center, Sector 12",MTR-UK-576,2025-01-31,2025-03-02,ESTIMATED,544462.46,6587.85,784127.56,7122238.78,7906366.34,USD
321814155,"London Sales Office, Industrial Area",MTR-IND-267,2025-01-31,2025-03-02,ACTUAL,58424.35,926.43,120888.19,774613.61,895501.8,USD
845824385,"Mumbai Corporate Office, Sector 12",MTR-UK-591,2025-01-31,2025-03-02,ACTUAL,154634.45,2370.92,237634.78,1654273.85,1891908.63,USD
218387545,"Frankfurt Logistics Hub, Sector 12",MTR-GER-945,2025-01-31,2025-03-02,ACTUAL,262243.2,4990.26,590078.93,3008822.15,3598901.08,USD
383301865,"Mumbai Corporate Office, Plot 45",MTR-UK-594,2025-01-31,2025-03-02,ACTUAL,95960.27,1874.12,259379.44,543791.74,803171.18,USD
603225305,"London Sales Office, Industrial Area",MTR-USA-602,2025-01-31,2025-03-02,ACTUAL,99694.05,1335.71,144619.83,673920.4,818540.23,USD
500157388,"Mumbai Corporate Office, Industrial Area",MTR-UK-127,2025-01-31,2025-03-02,ACTUAL,155399.3,1713.01,143475.23,1717749.51,1861224.74,USD
938704485,"Mumbai Corporate Office, Industrial Area",MTR-UK-934,2025-01-31,2025-03-02,ACTUAL,80768.12,812.69,89760.43,534743.82,624504.25,USD
442900003,"Pune Manufacturing Plant, Industrial Area",MTR-UK-231,2025-01-31,2025-03-02,ACTUAL,832371.13,8714.61,986228.08,11141841.61,12128069.69,USD
823017429,"Chicago Distribution Center, Industrial Area",MTR-UK-579,2025-01-31,2025-03-02,ACTUAL,432051.83,5652.18,625391.92,6140904.99,6766296.91,USD
911785161,"Chicago Distribution Center, Industrial Area",MTR-IND-897,2025-01-31,2025-03-02,ACTUAL,415086.82,5957.65,812742.47,2612707.38,3425449.85,USD
208301739,"London Sales Office, Sector 12",MTR-IND-154,2025-01-31,2025-03-02,ESTIMATED,103858.88,1818.81,265742.7,1070244.2,1335986.9,USD
538502377,"Pune Manufacturing Plant, Plot 45",MTR-IND-366,2025-01-31,2025-03-02,ACTUAL,584241.14,10409.32,1233960.38,8519725.88,9753686.26,USD
995794868,"Chicago Distribution Center, Sector 12",MTR-IND-864,2025-01-31,2025-03-02,ACTUAL,513545.07,7669.65,649454.98,5429880.49,6079335.47,USD
999411207,"Frankfurt Logistics Hub, Plot 45",MTR-IND-441,2025-01-31,2025-03-02,ACTUAL,443608.54,8658.09,744787.02,2485187.77,3229974.79,USD
415021254,"Pune Manufacturing Plant, Industrial Area",MTR-IND-913,2025-01-31,2025-03-02,ACTUAL,749186.01,9640.0,775215.92,9559858.91,10335074.83,USD
489515613,"Chicago Distribution Center, Sector 12",MTR-IND-715,2025-01-31,2025-03-02,ACTUAL,361614.91,6527.52,869662.0,5007307.26,5876969.26,USD
835383066,"London Sales Office, Industrial Area",MTR-UK-365,2025-01-31,2025-03-02,ACTUAL,64555.69,1047.31,144731.13,897536.86,1042267.99,USD
464674650,"London Sales Office, Plot 45",MTR-IND-458,2025-01-31,2025-03-02,ESTIMATED,87100.39,1139.5,119855.68,923461.83,1043317.51,USD
475652500,"London Sales Office, Industrial Area",MTR-IND-387,2025-01-31,2025-03-02,ACTUAL,95065.66,1344.77,175974.29,1130448.83,1306423.12,USD
265430854,"Frankfurt Logistics Hub, Plot 45",MTR-UK-609,2025-03-02,2025-04-01,ACTUAL,325603.07,5988.17,766569.9,2102025.03,2868594.93,USD
473399575,"Chicago Distribution Center, Sector 12",MTR-UK-007,2025-03-02,2025-04-01,ACTUAL,387961.58,6225.08,656654.89,3950424.79,4607079.68,USD
320641697,"Chicago Distribution Center, Plot 45",MTR-GER-363,2025-03-02,2025-04-01,ACTUAL,634321.37,7551.51,982383.62,3192711.96,4175095.58,USD
284029967,"London Sales Office, Plot 45",MTR-UK-899,2025-03-02,2025-04-01,ACTUAL,61207.17,661.63,60581.26,355790.38,416371.64,USD
244023225,"Frankfurt Logistics Hub, Industrial Area",MTR-USA-875,2025-03-02,2025-04-01,ACTUAL,436328.69,8566.06,781234.16,5145704.32,5926938.48,USD
552632137,"Mumbai Corporate Office, Sector 12",MTR-UK-423,2025-03-02,2025-04-01,ACTUAL,133377.3,1867.69,270445.67,976315.62,1246761.29,USD
939998320,"Pune Manufacturing Plant, Plot 45",MTR-UK-349,2025-03-02,2025-04-01,ACTUAL,1032918.22,14487.92,2173025.86,10316424.85,12489450.71,USD
884792863,"Chicago Distribution Center, Industrial Area",MTR-USA-667,2025-03-02,2025-04-01,ACTUAL,383691.01,7023.16,865315.23,3673311.05,4538626.28,USD
313665198,"Chicago Distribution Center, Plot 45",MTR-UK-006,2025-03-02,2025-04-01,ACTUAL,364669.99,5010.36,433475.25,2396257.55,2829732.8,USD
645024982,"London Sales Office, Plot 45",MTR-UK-108,2025-03-02,2025-04-01,ACTUAL,69701.44,968.19,89684.25,677225.93,766910.18,USD
874009704,"Frankfurt Logistics Hub, Industrial Area",MTR-UK-334,2025-03-02,2025-04-01,ACTUAL,338187.14,4292.46,539731.54,2036031.21,2575762.75,USD
915220646,"Chicago Distribution Center, Sector 12",MTR-USA-002,2025-03-02,2025-04-01,ACTUAL,384351.95,6367.72,926768.72,5037110.47,5963879.19,USD
930693169,"Mumbai Corporate Office, Industrial Area",MTR-UK-083,2025-03-02,2025-04-01,ACTUAL,129651.92,1419.93,179791.33,1425082.7,1604874.03,USD
631493161,"Frankfurt Logistics Hub, Plot 45",MTR-UK-473,2025-03-02,2025-04-01,ACTUAL,331768.79,6155.07,678852.94,4770215.03,5449067.97,USD
949959022	"Pune Manufacturing Plant	 Sector 12"	MTR-GER-582	2025-03-02	2025-04-01	ACTUAL	968440.48	15796.75	2259092.54	9142596.93	11401689.47	USD
726569056,"Frankfurt Logistics Hub, Sector 12",MTR-UK-735,2025-03-02,2025-04-01,ACTUAL,323200.19,4614.81,590606.55,4806619.9,5397226.45,USD
765516292,"Chicago Distribution Center, Plot 45",MTR-USA-519,2025-03-02,2025-04-01,ACTUAL,,8875.01,1193060.78,7743899.24,8936960.02,USD
962734782,"London Sales Office, Industrial Area",MTR-UK-336,2025-03-02,2025-04-01,ACTUAL,87174.63,1608.12,224481.72,902004.69,1126486.41,USD
513108963,"Pune Manufacturing Plant, Sector 12",MTR-USA-474,2025-03-02,2025-04-01,ACTUAL,755594.46,8372.3,713719.46,8260441.47,8974160.93,USD
587466338,"Frankfurt Logistics Hub, Plot 45",MTR-USA-322,2025-03-02,2025-04-01,ACTUAL,367023.25,5837.48,516113.86,4058228.89,4574342.75,USD
858903218,"Mumbai Corporate Office, Sector 12",MTR-USA-540,2025-03-02,2025-04-01,ACTUAL,117292.1,2220.21,249310.33,1641074.36,1890384.69,USD
891345976,"Mumbai Corporate Office, Industrial Area",MTR-UK-642,2025-03-02,2025-04-01,ESTIMATED,109664.4,1253.59,173007.84,1636410.26,1809418.1,USD
616037534,"London Sales Office, Plot 45",MTR-USA-438,2025-03-02,2025-04-01,ACTUAL,69618.15,758.09,107875.25,933344.95,1041220.2,USD
925483512,"Pune Manufacturing Plant, Industrial Area",MTR-GER-321,2025-03-02,2025-04-01,ACTUAL,798708.33,10348.19,1301413.89,10270347.46,11571761.35,USD
378395503,"Pune Manufacturing Plant, Sector 12",MTR-GER-770,2025-03-02,2025-04-01,ACTUAL,984209.32,17279.51,1902428.97,11082100.67,12984529.64,USD
801049485	"Chicago Distribution Center	 Sector 12"	MTR-USA-795	2025-04-01	2025-05-01	ACTUAL	570300.39	5799.7	674783.64	3974971.73	4649755.37	USD
498645869,"Pune Manufacturing Plant, Industrial Area",MTR-UK-674,2025-04-01,2025-05-01,ACTUAL,877762.23,14200.11,1375560.74,8749756.54,10125317.28,USD
827054113,"Pune Manufacturing Plant, Industrial Area",MTR-IND-030,2025-04-01,2025-05-01,ACTUAL,813136.96,10396.53,1307318.12,6672856.57,7980174.69,USD
985506458,"London Sales Office, Sector 12",MTR-USA-183,2025-04-01,2025-05-01,ACTUAL,70775.72,1034.24,112328.59,893329.17,1005657.76,USD
641040702,"Mumbai Corporate Office, Industrial Area",MTR-IND-780,2025-04-01,2025-05-01,ACTUAL,106456.74,2087.44,213636.77,799233.64,1012870.41,USD
805047174,"Frankfurt Logistics Hub, Plot 45",MTR-UK-845,2025-04-01,2025-05-01,ACTUAL,385788.39,6361.13,915645.78,5306050.86,6221696.64,USD
748289559,"Mumbai Corporate Office, Sector 12",MTR-UK-598,2025-04-01,2025-05-01,ESTIMATED,111969.64,1368.34,170182.21,1181598.15,1351780.36,USD
258578383,"Frankfurt Logistics Hub, Industrial Area",MTR-GER-310,2025-04-01,2025-05-01,ACTUAL,448270.11,4823.77,554779.38,6640357.73,7195137.11,USD
417708100,"Chicago Distribution Center, Industrial Area",MTR-IND-667,2025-04-01,2025-05-01,ACTUAL,525300.66,9268.75,1078708.72,5295361.25,6374069.97,USD
728961972,"Chicago Distribution Center, Sector 12",MTR-IND-447,2025-04-01,2025-05-01,ACTUAL,456649.52,6087.41,735121.7,3224651.57,3959773.27,USD
187181598,"Pune Manufacturing Plant, Sector 12",MTR-UK-560,2025-04-01,2025-05-01,ACTUAL,1250641.19,16162.59,1367502.58,17516739.55,18884242.13,USD
713533180,"Frankfurt Logistics Hub, Sector 12",MTR-UK-511,2025-04-01,2025-05-01,ACTUAL,288391.96,5123.26,549407.5,3337570.25,3886977.75,USD
102082342,"London Sales Office, Plot 45",MTR-GER-719,2025-04-01,2025-05-01,ACTUAL,76197.91,1478.71,123480.56,827162.43,950642.99,USD
163825284,"London Sales Office, Plot 45",MTR-USA-352,2025-04-01,2025-05-01,ACTUAL,101068.72,1738.77,172048.0,1048140.58,1220188.58,USD
576308397,"London Sales Office, Industrial Area",MTR-IND-160,2025-04-01,2025-05-01,ACTUAL,92919.95,940.62,138597.57,556062.97,694660.54,USD
600393230,"Mumbai Corporate Office, Plot 45",MTR-USA-252,2025-04-01,2025-05-01,ACTUAL,176869.71,2692.34,230352.56,884665.39,1115017.95,USD
240677879,"Mumbai Corporate Office, Plot 45",MTR-USA-054,2025-04-01,2025-05-01,ACTUAL,168910.47,3208.4,313629.14,1015328.45,1328957.59,USD
251659280,"Frankfurt Logistics Hub, Plot 45",MTR-IND-311,2025-04-01,2025-05-01,ACTUAL,313969.84,4148.3,519097.84,2327755.02,2846852.86,USD
158686527,"London Sales Office, Sector 12",MTR-GER-539,2025-04-01,2025-05-01,ACTUAL,90347.8,1178.33,107314.48,1273861.87,1381176.35,USD
243713812,"London Sales Office, Sector 12",MTR-GER-746,2025-04-01,2025-05-01,ACTUAL,67792.13,892.89,118929.36,883233.16,1002162.52,USD
685831982,"Pune Manufacturing Plant, Sector 12",MTR-USA-376,2025-04-01,2025-05-01,ACTUAL,1347154.86,24222.71,1960885.83,17871185.33,19832071.16,USD
379928246,"Pune Manufacturing Plant, Sector 12",MTR-UK-182,2025-04-01,2025-05-01,ACTUAL,1251080.63,16218.68,2320432.25,16362644.46,18683076.71,USD
850468340	"Frankfurt Logistics Hub	 Industrial Area"	MTR-IND-030	2025-04-01	2025-05-01	ACTUAL	357411.96	5809.93	620242.82	1917001.46	2537244.28	USD
778096338,"Pune Manufacturing Plant, Sector 12",MTR-USA-612,2025-04-01,2025-05-01,ACTUAL,977447.19,13376.2,1909016.02,12779057.72,14688073.74,USD
700598651,"Chicago Distribution Center, Plot 45",MTR-IND-456,2025-04-01,2025-05-01,ACTUAL,660717.13,6707.72,944266.57,3435846.17,4380112.74,USD
429392375,"Pune Manufacturing Plant, Sector 12",MTR-UK-785,2025-05-01,2025-05-31,ACTUAL,736810.92,7617.52,886386.11,5361306.63,6247692.74,USD
757048461,"Mumbai Corporate Office, Industrial Area",MTR-UK-719,2025-05-01,2025-05-31,ACTUAL,-115785.7,1650.35,240203.02,767727.08,1007930.1,USD
619072796,"Chicago Distribution Center, Industrial Area",MTR-USA-915,2025-05-01,2025-05-31,ACTUAL,744185.68,13578.72,1654989.72,9765745.27,11420734.99,USD
573155409,"Chicago Distribution Center, Plot 45",MTR-UK-851,2025-05-01,2025-05-31,ACTUAL,679877.4,12433.47,1341775.11,3901050.71,5242825.82,USD
593326330,"Pune Manufacturing Plant, Sector 12",MTR-USA-560,2025-05-01,2025-05-31,ACTUAL,763954.34,9267.72,1130483.11,6111288.88,7241771.99,USD
805015439,"Mumbai Corporate Office, Plot 45",MTR-USA-283,2025-05-01,2025-05-31,ESTIMATED,122953.33,1813.77,199550.75,743068.56,942619.31,USD
413667418,"Chicago Distribution Center, Plot 45",MTR-IND-708,2025-05-01,2025-05-31,ACTUAL,515614.41,10132.0,1004771.55,6086432.78,7091204.33,USD
411146411,"Mumbai Corporate Office, Sector 12",MTR-GER-866,2025-05-01,2025-05-31,ACTUAL,97148.36,1160.22,135007.61,1317232.39,1452240.0,USD
916470048,"London Sales Office, Plot 45",MTR-GER-263,2025-05-01,2025-05-31,ESTIMATED,63365.56,1007.54,84279.31,456642.16,540921.47,USD
821208953,"Pune Manufacturing Plant, Sector 12",MTR-IND-067,2025-05-01,2025-05-31,ACTUAL,968097.6,17222.15,2383302.04,9451250.33,11834552.37,USD
351480163,"Frankfurt Logistics Hub, Plot 45",MTR-USA-151,2025-05-01,2025-05-31,ACTUAL,283417.45,3710.74,551867.48,2340752.31,2892619.79,USD
572296331,"Frankfurt Logistics Hub, Sector 12",MTR-GER-218,2025-05-01,2025-05-31,ACTUAL,400365.26,5432.3,641320.78,5945306.3,6586627.08,USD
902260145,"Mumbai Corporate Office, Industrial Area",MTR-GER-711,2025-05-01,2025-05-31,ACTUAL,120068.36,1242.29,113113.43,1726565.34,1839678.77,USD
479003886,"Chicago Distribution Center, Plot 45",MTR-USA-268,2025-05-01,2025-05-31,ACTUAL,501048.93,7737.97,1044940.85,6982034.94,8026975.79,USD
171332527,"London Sales Office, Plot 45",MTR-UK-478,2025-05-01,2025-05-31,ESTIMATED,71068.96,1282.14,135654.33,708708.62,844362.95,USD
233482781,"Mumbai Corporate Office, Industrial Area",MTR-IND-040,2025-05-01,2025-05-31,ESTIMATED,92981.39,1837.3,210191.18,862325.45,1072516.63,USD
136775492,"Frankfurt Logistics Hub, Industrial Area",MTR-USA-081,2025-05-01,2025-05-31,ACTUAL,390950.53,4830.51,666614.72,5837619.56,6504234.28,USD
798876801,"Mumbai Corporate Office, Sector 12",MTR-IND-220,2025-05-01,2025-05-31,ESTIMATED,93273.01,1488.25,170354.98,782262.22,952617.2,USD
410621315,"Chicago Distribution Center, Industrial Area",MTR-IND-528,2025-05-01,2025-05-31,ACTUAL,414624.05,6012.55,567418.76,4479612.22,5047030.98,USD
638111535,"Pune Manufacturing Plant, Industrial Area",MTR-GER-634,2025-05-01,2025-05-31,ACTUAL,632178.45,10431.9,1429764.84,7933516.52,9363281.36,USD
555015715,"Frankfurt Logistics Hub, Plot 45",MTR-IND-829,2025-05-01,2025-05-31,ACTUAL,447306.9,5943.72,841436.97,3516490.6,4357927.57,USD
888943625,"Frankfurt Logistics Hub, Industrial Area",MTR-IND-811,2025-05-01,2025-05-31,ACTUAL,287004.67,4907.87,584516.14,3184016.97,3768533.11,USD
910942242,"Mumbai Corporate Office, Sector 12",MTR-UK-753,2025-05-01,2025-05-31,ACTUAL,145917.25,2091.19,205104.83,2078617.17,2283722.0,USD
765200604,"London Sales Office, Plot 45",MTR-IND-746,2025-05-01,2025-05-31,ACTUAL,71460.07,1327.51,117753.3,667810.87,785564.17,USD
701484711,"London Sales Office, Plot 45",MTR-UK-574,2025-05-01,2025-05-31,ACTUAL,85375.68,921.34,79454.06,959850.5,1039304.56,USD
264650709,"Chicago Distribution Center, Plot 45",MTR-USA-550,2025-05-31,2025-06-30,ACTUAL,531986.48,8747.73,1159198.01,4696188.66,5855386.67,USD
828506612,"Frankfurt Logistics Hub, Sector 12",MTR-UK-805,2025-05-31,2025-06-30,ACTUAL,299341.15,5123.66,562775.1,2143362.27,2706137.37,USD
625134786,"Chicago Distribution Center, Plot 45",MTR-UK-796,2025-05-31,2025-06-30,ACTUAL,737938.61,13514.1,1940822.29,6597640.38,8538462.67,USD
568666325,"Pune Manufacturing Plant, Industrial Area",MTR-UK-838,2025-05-31,2025-06-30,ACTUAL,1185114.84,16709.12,2009453.82,13437924.97,15447378.79,USD
823913622,"Pune Manufacturing Plant, Industrial Area",MTR-USA-883,2025-05-31,2025-06-30,ACTUAL,1068947.73,19701.59,1955875.7,14356959.43,16312835.13,USD
467756201,"Frankfurt Logistics Hub, Sector 12",MTR-GER-172,2025-05-31,2025-06-30,ESTIMATED,420303.43,5010.67,673795.0,2101912.42,2775707.42,USD
716363030,"London Sales Office, Industrial Area",MTR-IND-165,2025-05-31,2025-06-30,ESTIMATED,129474.01,2415.05,250194.44,1030247.7,1280442.14,USD
654408709,"Chicago Distribution Center, Sector 12",MTR-IND-615,2025-05-31,2025-06-30,ACTUAL,508829.66,8703.43,1007888.31,2958766.26,3966654.57,USD
192131652,"Chicago Distribution Center, Plot 45",MTR-UK-084,2025-05-31,2025-06-30,ACTUAL,650408.82,7818.16,1073434.83,7870389.31,8943824.14,USD
361672164,"Pune Manufacturing Plant, Plot 45",MTR-USA-355,2025-05-31,2025-06-30,ACTUAL,1136603.88,12867.77,1253163.24,14693200.06,15946363.3,USD
295892510,"Chicago Distribution Center, Sector 12",MTR-UK-872,2025-05-31,2025-06-30,ACTUAL,590466.14,9139.34,873423.38,3288538.09,4161961.47,USD
394398027,"London Sales Office, Industrial Area",MTR-USA-658,2025-05-31,2025-06-30,ACTUAL,86573.47,1308.2,121364.63,767694.94,889059.57,USD
354055755,"Frankfurt Logistics Hub, Plot 45",MTR-USA-328,2025-05-31,2025-06-30,ACTUAL,493913.35,9775.87,1048208.61,6490155.25,7538363.86,USD
690878583,"Pune Manufacturing Plant, Sector 12",MTR-UK-470,2025-05-31,2025-06-30,ACTUAL,877677.48,14077.13,1726680.25,9528781.17,11255461.42,USD
497421270,"Chicago Distribution Center, Sector 12",MTR-IND-984,2025-05-31,2025-06-30,ACTUAL,813047.41,10208.84,1010605.39,4783253.75,5793859.14,USD
386994116,"Chicago Distribution Center, Sector 12",MTR-GER-393,2025-05-31,2025-06-30,ACTUAL,602123.1,9460.38,1335210.33,4792482.22,6127692.55,USD
414760919,"Mumbai Corporate Office, Industrial Area",MTR-IND-368,2025-05-31,2025-06-30,ACTUAL,127671.55,1788.86,207137.31,1129176.56,1336313.87,USD
589388415,"Pune Manufacturing Plant, Sector 12",MTR-GER-519,2025-05-31,2025-06-30,ACTUAL,884764.31,11149.16,1567893.91,6357103.98,7924997.89,USD
692530698,"Chicago Distribution Center, Sector 12",MTR-GER-275,2025-05-31,2025-06-30,ESTIMATED,530101.38,6026.69,510550.4,3458974.48,3969524.88,USD
720657663,"Chicago Distribution Center, Plot 45",MTR-GER-270,2025-05-31,2025-06-30,ACTUAL,599484.09,8985.44,832655.22,7975705.46,8808360.68,USD
175476525,"Chicago Distribution Center, Sector 12",MTR-USA-303,2025-05-31,2025-06-30,ACTUAL,552141.13,5543.5,451523.36,4234410.15,4685933.51,USD
686082603,"Frankfurt Logistics Hub, Sector 12",MTR-USA-535,2025-05-31,2025-06-30,ESTIMATED,380127.01,4607.87,511195.65,3959941.3,4471136.95,USD
296156572,"London Sales Office, Sector 12",MTR-GER-709,2025-05-31,2025-06-30,ACTUAL,66363.97,914.7,131277.87,926840.46,1058118.33,USD
724888239,"Pune Manufacturing Plant, Industrial Area",MTR-GER-970,2025-05-31,2025-06-30,ACTUAL,748506.58,12806.16,1668043.26,7779453.93,9447497.19,USD
605263370,"Chicago Distribution Center, Plot 45",MTR-GER-764,2025-05-31,2025-06-30,ACTUAL,526773.46,7136.58,657798.77,3712103.43,4369902.2,USD
192909777,"Frankfurt Logistics Hub, Industrial Area",MTR-IND-089,2025-06-30,2025-07-30,ACTUAL,375574.42,5927.52,746930.8,3738069.02,4484999.82,USD
282411269,"Pune Manufacturing Plant, Industrial Area",MTR-IND-566,2025-06-30,2025-07-30,ACTUAL,893658.67,13914.97,1877824.31,6633345.1,8511169.41,USD
394278931,"London Sales Office, Sector 12",MTR-USA-815,2025-06-30,2025-07-30,ACTUAL,65118.35,1179.06,128539.01,580181.93,708720.94,USD
856828537,"London Sales Office, Sector 12",MTR-UK-852,2025-06-30,2025-07-30,ACTUAL,75197.09,1084.06,110564.8,915029.99,1025594.79,USD
935904338,"Chicago Distribution Center, Plot 45",MTR-IND-304,2025-06-30,2025-07-30,ACTUAL,631205.94,10324.39,969784.22,5139219.25,6109003.47,USD
668123863,"Pune Manufacturing Plant, Sector 12",MTR-IND-809,2025-06-30,2025-07-30,ACTUAL,586164.23,6148.94,555968.42,8561028.05,9116996.47,USD
257668520,"Pune Manufacturing Plant, Industrial Area",MTR-USA-298,2025-06-30,2025-07-30,ACTUAL,733333.03,7620.55,651318.84,4809263.32,5460582.16,USD
562426695,"London Sales Office, Sector 12",MTR-USA-525,2025-06-30,2025-07-30,ACTUAL,98126.33,1382.18,147718.12,1159596.72,1307314.84,USD
719626985,"London Sales Office, Industrial Area",MTR-UK-561,2025-06-30,2025-07-30,ACTUAL,83515.27,1195.74,145578.72,451241.16,596819.88,USD
536633979,"Pune Manufacturing Plant, Plot 45",MTR-IND-514,2025-06-30,2025-07-30,ACTUAL,605037.6,11111.2,1470878.6,3286941.77,4757820.37,USD
502920832,"Pune Manufacturing Plant, Plot 45",MTR-IND-677,2025-06-30,2025-07-30,ACTUAL,733372.34,9544.91,1081978.59,9924919.94,11006898.53,USD
214582298,"Mumbai Corporate Office, Sector 12",MTR-GER-329,2025-06-30,2025-07-30,ACTUAL,146222.08,1591.62,224714.14,1315366.66,1540080.8,USD
968013330,"London Sales Office, Plot 45",MTR-USA-990,2025-06-30,2025-07-30,ACTUAL,100596.5,2001.66,231083.05,527702.55,758785.6,USD
937138297,"Chicago Distribution Center, Industrial Area",MTR-USA-773,2025-06-30,2025-07-30,ACTUAL,443903.8,5168.84,615961.67,2457677.43,3073639.1,USD
422243202,"Mumbai Corporate Office, Industrial Area",MTR-IND-355,2025-06-30,2025-07-30,ACTUAL,161991.08,2540.1,285501.87,2255997.73,2541499.6,USD
935551759	"Frankfurt Logistics Hub	 Sector 12"	MTR-IND-244	2025-06-30	2025-07-30	ACTUAL	396020.79	6773.22	738204.2	3152648.15	3890852.35	USD
201039874,"Frankfurt Logistics Hub, Sector 12",MTR-IND-477,2025-06-30,2025-07-30,ACTUAL,330234.38,6531.86,916706.96,4022245.72,4938952.68,USD
265228643,"London Sales Office, Plot 45",MTR-IND-655,2025-06-30,2025-07-30,ACTUAL,89363.07,1464.99,117243.8,931775.79,1049019.59,USD
209686603,"Mumbai Corporate Office, Industrial Area",MTR-GER-547,2025-06-30,2025-07-30,ACTUAL,117323.2,1794.01,147797.97,1611140.29,1758938.26,USD
442754700,"Chicago Distribution Center, Plot 45",MTR-UK-044,2025-06-30,2025-07-30,ACTUAL,473734.77,6845.53,584430.93,6030657.54,6615088.47,USD
307607003,"Mumbai Corporate Office, Plot 45",MTR-GER-630,2025-06-30,2025-07-30,ACTUAL,151457.62,2933.06,377505.79,1255826.57,1633332.36,USD
943607790,"Mumbai Corporate Office, Sector 12",MTR-GER-109,2025-06-30,2025-07-30,ACTUAL,90953.87,1247.11,176644.57,1334106.16,1510750.73,USD
713632778,"London Sales Office, Industrial Area",MTR-GER-424,2025-06-30,2025-07-30,ACTUAL,95428.41,1203.99,161146.31,642007.27,803153.58,USD
204656972,"Frankfurt Logistics Hub, Industrial Area",MTR-USA-006,2025-06-30,2025-07-30,ACTUAL,293297.65,3985.37,454845.46,1805213.17,2260058.63,USD
129416361,"Mumbai Corporate Office, Sector 12",MTR-UK-902,2025-06-30,2025-07-30,ACTUAL,107405.68,1808.06,230426.9,1200253.92,1430680.82,USD
294364400,"Pune Manufacturing Plant, Plot 45",MTR-USA-988,2025-07-30,2025-08-29,ACTUAL,911985.62,14431.21,2103878.59,5524931.14,7628809.73,USD
725072776,"Pune Manufacturing Plant, Plot 45",MTR-GER-062,2025-07-30,2025-08-29,ACTUAL,835394.27,13641.19,1894125.7,12212804.29,14106929.99,USD
628358205,"Chicago Distribution Center, Industrial Area",MTR-UK-262,2025-07-30,2025-08-29,ACTUAL,533818.69,7006.49,778192.28,6257196.06,7035388.34,USD
813211938,"Chicago Distribution Center, Sector 12",MTR-UK-046,2025-07-30,2025-08-29,ACTUAL,653421.82,11230.91,1011023.03,6047912.01,7058935.04,USD
492612463,"Frankfurt Logistics Hub, Plot 45",MTR-GER-946,2025-07-30,2025-08-29,ESTIMATED,410852.54,4689.71,669611.07,2436828.36,3106439.43,USD
899957895,"Pune Manufacturing Plant, Sector 12",MTR-USA-308,2025-07-30,2025-08-29,ACTUAL,1004387.09,14071.41,1280736.8,14911923.97,16192660.77,USD
949691715|"London Sales Office| Industrial Area"|MTR-GER-648|2025-07-30|2025-08-29|ESTIMATED|87754.44|1334.16|164544.06|625797.14|790341.2|USD
421009824,"Mumbai Corporate Office, Industrial Area",MTR-UK-305,2025-07-30,2025-08-29,ESTIMATED,94804.08,984.59,131548.86,1106993.69,1238542.55,USD
886895013,"Frankfurt Logistics Hub, Industrial Area",MTR-IND-786,2025-07-30,2025-08-29,ACTUAL,365065.13,5358.87,766083.24,4816022.13,5582105.37,USD
554236024,"Chicago Distribution Center, Industrial Area",MTR-GER-764,2025-07-30,2025-08-29,ACTUAL,365196.38,7039.15,814995.71,2043129.9,2858125.61,USD
961109464,"Mumbai Corporate Office, Sector 12",MTR-UK-552,2025-07-30,2025-08-29,ESTIMATED,88191.65,1425.25,169034.58,1105329.06,1274363.64,USD
716921444,"London Sales Office, Plot 45",MTR-UK-623,2025-07-30,2025-08-29,ACTUAL,76682.62,1407.41,204573.37,619234.5,823807.87,USD
942494459,"Chicago Distribution Center, Sector 12",MTR-GER-418,2025-07-30,2025-08-29,ACTUAL,494675.82,7298.33,955540.96,6056269.96,7011810.92,USD
378557249,"Pune Manufacturing Plant, Plot 45",MTR-GER-558,2025-07-30,2025-08-29,ACTUAL,701717.74,10164.18,1333354.22,8992627.19,10325981.41,USD
201595800,"Chicago Distribution Center, Industrial Area",MTR-USA-330,2025-07-30,2025-08-29,ACTUAL,514600.38,5198.72,615831.41,3251263.9,3867095.31,USD
557065798,"Mumbai Corporate Office, Plot 45",MTR-UK-143,2025-07-30,2025-08-29,ACTUAL,99299.96,1140.57,101931.74,1266512.22,1368443.96,USD
896941968,"Frankfurt Logistics Hub, Sector 12",MTR-UK-576,2025-07-30,2025-08-29,ACTUAL,285043.34,3174.16,332666.68,3959083.39,4291750.07,USD
871547096,"Frankfurt Logistics Hub, Industrial Area",MTR-IND-581,2025-07-30,2025-08-29,ACTUAL,312495.78,5785.87,740217.97,4256062.27,4996280.24,USD
820676665,"Frankfurt Logistics Hub, Sector 12",MTR-IND-261,2025-07-30,2025-08-29,ACTUAL,344446.14,6494.08,728268.83,4303048.69,5031317.52,USD
636020021,"Chicago Distribution Center, Industrial Area",MTR-USA-045,2025-07-30,2025-08-29,ACTUAL,603203.38,11182.02,1210750.03,7883958.5,9094708.53,USD
215259695,"London Sales Office, Sector 12",MTR-UK-729,2025-07-30,2025-08-29,ACTUAL,57337.4,994.45,146140.5,677051.47,823191.97,USD
149548335,"Pune Manufacturing Plant, Sector 12",MTR-UK-361,2025-07-30,2025-08-29,ACTUAL,762428.7,7704.58,828262.2,8802756.26,9631018.46,USD
205707649,"London Sales Office, Sector 12",MTR-GER-664,2025-07-30,2025-08-29,ACTUAL,82589.31,1219.4,117952.04,1097358.32,1215310.36,USD
109813633,"Chicago Distribution Center, Industrial Area",MTR-UK-358,2025-07-30,2025-08-29,ACTUAL,618686.06,8321.97,1247383.41,7620887.42,8868270.83,USD
797160131,"London Sales Office, Industrial Area",MTR-GER-331,2025-07-30,2025-08-29,ACTUAL,92432.54,1786.03,188901.42,1109129.24,1298030.66,USD
349943040,"Mumbai Corporate Office, Sector 12",MTR-IND-181,2025-08-29,2025-09-28,ACTUAL,163735.62,2969.74,318977.36,853432.37,1172409.73,USD
334750864,"Chicago Distribution Center, Industrial Area",MTR-UK-689,2025-08-29,2025-09-28,ACTUAL,470232.32,7095.7,1059397.08,3814894.68,4874291.76,USD
680948895,"Pune Manufacturing Plant, Plot 45",MTR-UK-536,2025-08-29,2025-09-28,ACTUAL,667495.33,10262.27,1242314.54,7032364.67,8274679.21,USD
136371537,"London Sales Office, Plot 45",MTR-IND-757,2025-08-29,2025-09-28,ACTUAL,90694.54,1667.53,193725.74,939300.88,1133026.62,USD
364522416,"Pune Manufacturing Plant, Sector 12",MTR-UK-410,2025-08-29,2025-09-28,ACTUAL,-554916.77,5785.44,736340.55,3822688.79,4559029.34,USD
176906788,"Pune Manufacturing Plant, Plot 45",MTR-UK-501,2025-08-29,2025-09-28,ACTUAL,555275.05,5755.23,842221.91,5728347.49,6570569.4,USD
873902694,"Mumbai Corporate Office, Plot 45",MTR-USA-451,2025-08-29,2025-09-28,ACTUAL,102783.74,1658.31,156894.92,1302949.87,1459844.79,USD
110660876,"Mumbai Corporate Office, Industrial Area",MTR-IND-953,2025-08-29,2025-09-28,ACTUAL,99410.03,1408.96,150446.15,734772.19,885218.34,USD
184776469,"London Sales Office, Industrial Area",MTR-IND-681,2025-08-29,2025-09-28,ACTUAL,84935.49,960.73,93930.32,912524.19,1006454.51,USD
273751789,"Pune Manufacturing Plant, Plot 45",MTR-UK-330,2025-08-29,2025-09-28,ACTUAL,583699.26,7222.39,619983.34,6485862.94,7105846.28,USD
265930108,"Pune Manufacturing Plant, Industrial Area",MTR-USA-940,2025-08-29,2025-09-28,ESTIMATED,1049754.05,11954.23,1026509.06,15024249.36,16050758.42,USD
748885043,"Frankfurt Logistics Hub, Industrial Area",MTR-USA-399,2025-08-29,2025-09-28,ACTUAL,264832.56,4396.23,555004.19,2271738.43,2826742.62,USD
166425465,"Frankfurt Logistics Hub, Industrial Area",MTR-IND-510,2025-08-29,2025-09-28,ESTIMATED,316814.16,5692.33,677343.69,2826179.68,3503523.37,USD
564166986,"Pune Manufacturing Plant, Plot 45",MTR-GER-295,2025-08-29,2025-09-28,ACTUAL,634640.1,8248.92,900797.74,8853378.47,9754176.21,USD
153674738,"Chicago Distribution Center, Industrial Area",MTR-GER-341,2025-08-29,2025-09-28,ACTUAL,377087.97,6921.55,987961.32,3165293.05,4153254.37,USD
654559558,"Mumbai Corporate Office, Sector 12",MTR-IND-031,2025-08-29,2025-09-28,ACTUAL,123664.73,2433.79,331363.73,1248790.95,1580154.68,USD
881848476,"Frankfurt Logistics Hub, Sector 12",MTR-UK-385,2025-08-29,2025-09-28,ACTUAL,379876.09,6840.35,790426.89,3941235.68,4731662.57,USD
423499983,"Mumbai Corporate Office, Sector 12",MTR-GER-940,2025-08-29,2025-09-28,ACTUAL,117918.56,1272.85,166562.67,1699598.2,1866160.87,USD
416146224,"Frankfurt Logistics Hub, Plot 45",MTR-GER-472,2025-08-29,2025-09-28,ACTUAL,314058.69,3787.48,462509.73,4679438.81,5141948.54,USD
885732285,"Chicago Distribution Center, Sector 12",MTR-UK-248,2025-08-29,2025-09-28,ESTIMATED,574789.86,10327.19,1203916.56,3186910.26,4390826.82,USD
566096024,"Chicago Distribution Center, Industrial Area",MTR-UK-170,2025-08-29,2025-09-28,ACTUAL,585226.31,6102.05,826211.98,4128488.61,4954700.59,USD
886648365,"London Sales Office, Sector 12",MTR-UK-971,2025-08-29,2025-09-28,ACTUAL,103822.12,1967.21,276853.1,533357.04,810210.14,USD
433334018,"Frankfurt Logistics Hub, Industrial Area",MTR-USA-674,2025-08-29,2025-09-28,ACTUAL,246338.66,3645.23,467607.04,2883051.72,3350658.76,USD
629699220,"London Sales Office, Sector 12",MTR-GER-073,2025-08-29,2025-09-28,ACTUAL,98706.08,1383.3,199836.49,613136.15,812972.64,USD
801511067,"Pune Manufacturing Plant, Plot 45",MTR-UK-203,2025-08-29,2025-09-28,ACTUAL,1009313.51,16824.86,1918425.38,7943223.08,9861648.46,USD
538109295,"Pune Manufacturing Plant, Sector 12",MTR-USA-222,2025-09-28,2025-10-28,ESTIMATED,714003.77,7769.36,1094714.05,5062025.02,6156739.07,USD
220778346,"Frankfurt Logistics Hub, Sector 12",MTR-UK-328,2025-09-28,2025-10-28,ACTUAL,449721.13,8833.28,1125706.56,3929480.47,5055187.03,USD
733941077,"Chicago Distribution Center, Sector 12",MTR-USA-523,2025-09-28,2025-10-28,ACTUAL,653148.74,10551.51,1066492.84,5073197.05,6139689.89,USD
387492902,"Mumbai Corporate Office, Plot 45",MTR-UK-692,2025-09-28,2025-10-28,ACTUAL,101365.22,1613.14,229350.36,1453213.7,1682564.06,USD
135651524,"London Sales Office, Industrial Area",MTR-USA-923,2025-09-28,2025-10-28,ACTUAL,102939.79,1833.86,167410.36,1419996.84,1587407.2,USD
249722660,"London Sales Office, Sector 12",MTR-UK-816,2025-09-28,2025-10-28,ESTIMATED,91266.3,1351.65,142860.08,575164.04,718024.12,USD
671138403,"Mumbai Corporate Office, Industrial Area",MTR-USA-622,2025-09-28,2025-10-28,ACTUAL,143571.38,2243.1,262475.23,986131.3,1248606.53,USD
841437588,"London Sales Office, Plot 45",MTR-IND-099,2025-09-28,2025-10-28,ACTUAL,91187.95,1035.55,132068.67,910678.68,1042747.35,USD
473045368,"Mumbai Corporate Office, Industrial Area",MTR-USA-675,2025-09-28,2025-10-28,ACTUAL,118125.85,2267.04,251314.24,1264595.48,1515909.72,USD
630018405,"Frankfurt Logistics Hub, Plot 45",MTR-UK-225,2025-09-28,2025-10-28,ACTUAL,417174.1,7944.37,1058857.91,2240615.22,3299473.13,USD
820202174,"Frankfurt Logistics Hub, Industrial Area",MTR-GER-732,2025-09-28,2025-10-28,ACTUAL,313379.22,3415.14,383862.93,4594828.9,4978691.83,USD
815937327,"Mumbai Corporate Office, Industrial Area",MTR-IND-620,2025-09-28,2025-10-28,ACTUAL,131266.53,1599.61,238292.72,758881.66,997174.38,USD
602675905,"London Sales Office, Plot 45",MTR-GER-412,2025-09-28,2025-10-28,ACTUAL,56552.07,994.97,111352.24,297935.5,409287.74,USD
495667472,"London Sales Office, Plot 45",MTR-IND-557,2025-09-28,2025-10-28,ACTUAL,74769.1,818.97,119469.48,740084.62,859554.1,USD
378901075,"Pune Manufacturing Plant, Industrial Area",MTR-IND-876,2025-09-28,2025-10-28,ACTUAL,1031145.51,11802.78,1571593.7,10701221.71,12272815.41,USD
869631517,"Pune Manufacturing Plant, Plot 45",MTR-USA-436,2025-09-28,2025-10-28,ACTUAL,909381.18,16431.34,2060485.8,11073264.64,13133750.44,USD
208819125,"Frankfurt Logistics Hub, Industrial Area",MTR-IND-876,2025-09-28,2025-10-28,ACTUAL,299394.21,4352.67,406422.53,2475621.73,2882044.26,USD
641107003,"Mumbai Corporate Office, Plot 45",MTR-UK-978,2025-09-28,2025-10-28,ACTUAL,145414.67,2580.01,310955.35,1654807.31,1965762.66,USD
741218478,"Chicago Distribution Center, Industrial Area",MTR-IND-440,2025-09-28,2025-10-28,ACTUAL,-611247.99,9824.94,1314381.91,8529522.92,9843904.83,USD
178518466,"Mumbai Corporate Office, Industrial Area",MTR-USA-667,2025-09-28,2025-10-28,ACTUAL,147289.02,1797.41,218613.79,1031865.98,1250479.77,USD
115517280,"Pune Manufacturing Plant, Sector 12",MTR-USA-464,2025-09-28,2025-10-28,ACTUAL,825946.7,14598.02,1417715.1,6549593.53,7967308.63,USD
339817803,"Mumbai Corporate Office, Sector 12",MTR-UK-895,2025-09-28,2025-10-28,ACTUAL,152190.09,2679.52,387567.4,1136692.82,1524260.22,USD
397460786,"London Sales Office, Plot 45",MTR-UK-198,2025-09-28,2025-10-28,ACTUAL,102565.36,1645.45,188992.75,826760.73,1015753.48,USD
218489289,"Pune Manufacturing Plant, Sector 12",MTR-GER-915,2025-09-28,2025-10-28,ACTUAL,571159.89,11184.48,1637228.34,6209865.44,7847093.78,USD
659686600	"London Sales Office	 Industrial Area"	MTR-IND-956	2025-09-28	2025-10-28	ACTUAL	102084.19	1496.5	210706.98	1423386.92	1634093.9	USD
631100488,"Frankfurt Logistics Hub, Plot 45",MTR-IND-392,2025-10-28,2025-11-27,ACTUAL,263574.27,3179.75,310400.97,2651306.08,2961707.05,USD
455755393,"Pune Manufacturing Plant, Plot 45",MTR-GER-072,2025-10-28,2025-11-27,ESTIMATED,742305.71,11135.39,1551023.37,8181366.06,9732389.43,USD
465391211,"Pune Manufacturing Plant, Industrial Area",MTR-GER-966,2025-10-28,2025-11-27,ACTUAL,1014024.47,17701.65,1849212.72,5672418.84,7521631.56,USD
719856839,"Frankfurt Logistics Hub, Industrial Area",MTR-UK-223,2025-10-28,2025-11-27,ACTUAL,397393.67,7738.11,1145091.71,3283325.0,4428416.71,USD
714846327,"Pune Manufacturing Plant, Industrial Area",MTR-USA-503,2025-10-28,2025-11-27,ACTUAL,694407.66,10242.83,900490.12,6782292.89,7682783.01,USD
591690211,"Mumbai Corporate Office, Plot 45",MTR-GER-292,2025-10-28,2025-11-27,ACTUAL,98725.94,1461.95,196954.7,1109467.88,1306422.58,USD
960302540,"Frankfurt Logistics Hub, Sector 12",MTR-IND-255,2025-10-28,2025-11-27,ACTUAL,248693.82,2995.16,320514.87,1528855.61,1849370.48,USD
612933066|"Chicago Distribution Center| Sector 12"|MTR-USA-522|2025-10-28|2025-11-27|ACTUAL|601424.49|10355.39|1168554.43|4915566.79|6084121.22|USD
844069576,"Mumbai Corporate Office, Plot 45",MTR-IND-054,2025-10-28,2025-11-27,ACTUAL,162881.8,2573.78,235627.11,1661119.91,1896747.02,USD
541887191,"Pune Manufacturing Plant, Plot 45",MTR-GER-482,2025-10-28,2025-11-27,ACTUAL,701231.99,8606.69,1036683.3,4733044.92,5769728.22,USD
565375558,"Frankfurt Logistics Hub, Industrial Area",MTR-USA-882,2025-10-28,2025-11-27,ACTUAL,392309.13,5338.34,674678.97,2939567.55,3614246.52,USD
903324929,"Frankfurt Logistics Hub, Industrial Area",MTR-USA-465,2025-10-28,2025-11-27,ACTUAL,338498.86,5713.27,664537.76,3951953.5,4616491.26,USD
914941467,"London Sales Office, Industrial Area",MTR-GER-917,2025-10-28,2025-11-27,ACTUAL,101575.39,1754.39,233962.51,1040050.06,1274012.57,USD
833978157,"Frankfurt Logistics Hub, Sector 12",MTR-UK-022,2025-10-28,2025-11-27,ACTUAL,295943.9,3969.82,485140.22,2292164.08,2777304.3,USD
140281212,"Chicago Distribution Center, Industrial Area",MTR-UK-159,2025-10-28,2025-11-27,ACTUAL,575059.04,8560.94,803827.14,4091907.01,4895734.15,USD
424993912,"London Sales Office, Industrial Area",MTR-UK-746,2025-10-28,2025-11-27,ACTUAL,73211.03,1088.14,114636.43,866933.18,981569.61,USD
969050377,"Chicago Distribution Center, Sector 12",MTR-IND-743,2025-10-28,2025-11-27,ACTUAL,414962.09,5934.63,761938.34,5404866.78,6166805.12,USD
921728029,"Mumbai Corporate Office, Sector 12",MTR-UK-632,2025-10-28,2025-11-27,ACTUAL,121018.38,2130.43,222061.91,658021.81,880083.72,USD
640617669,"Mumbai Corporate Office, Industrial Area",MTR-USA-163,2025-10-28,2025-11-27,ACTUAL,115291.9,1268.97,136794.18,1297538.22,1434332.4,USD
332023590,"Pune Manufacturing Plant, Plot 45",MTR-GER-759,2025-10-28,2025-11-27,ACTUAL,943258.53,13008.49,1858480.25,11735160.92,13593641.17,USD
238976957,"Frankfurt Logistics Hub, Industrial Area",MTR-UK-220,2025-10-28,2025-11-27,ACTUAL,410976.06,5334.48,757144.29,2385169.27,3142313.56,USD
461835935,"Frankfurt Logistics Hub, Sector 12",MTR-UK-079,2025-10-28,2025-11-27,ACTUAL,375619.12,6615.41,762764.73,4387123.58,5149888.31,USD
169425634	"London Sales Office	 Plot 45"	MTR-GER-288	2025-10-28	2025-11-27	ACTUAL	89397.06	1099.98	90515.49	1013282.9	1103798.39	USD
487401357,"Mumbai Corporate Office, Sector 12",MTR-UK-739,2025-10-28,2025-11-27,ACTUAL,161258.08,1779.61,167012.37,1271746.87,1438759.24,USD
845251455,"Pune Manufacturing Plant, Industrial Area",MTR-USA-271,2025-10-28,2025-11-27,ACTUAL,1006770.5,10128.9,883410.3,10433631.29,11317041.59,USD
116278131,"London Sales Office, Industrial Area",MTR-IND-881,2025-11-27,2025-12-27,ACTUAL,77638.81,895.33,108087.36,530978.41,639065.77,USD
746809330,"London Sales Office, Industrial Area",MTR-USA-016,2025-11-27,2025-12-27,ACTUAL,101457.82,1170.52,150943.42,1248152.59,1399096.01,USD
469028891,"Chicago Distribution Center, Sector 12",MTR-IND-818,2025-11-27,2025-12-27,ACTUAL,363755.82,5432.59,612831.79,3321347.74,3934179.53,USD
322576357,"London Sales Office, Plot 45",MTR-UK-398,2025-11-27,2025-12-27,ACTUAL,86088.88,930.7,108796.25,713134.0,821930.25,USD
713104901,"Frankfurt Logistics Hub, Industrial Area",MTR-IND-956,2025-11-27,2025-12-27,ACTUAL,273109.71,4975.87,571001.52,3420398.68,3991400.2,USD
993774749,"Pune Manufacturing Plant, Industrial Area",MTR-GER-948,2025-11-27,2025-12-27,ACTUAL,797881.87,9151.72,1051228.07,6017721.37,7068949.44,USD
774222600,"Pune Manufacturing Plant, Plot 45",MTR-IND-381,2025-11-27,2025-12-27,ACTUAL,662797.0,9145.34,766751.21,7655265.27,8422016.48,USD
280581839,"London Sales Office, Industrial Area",MTR-UK-220,2025-11-27,2025-12-27,ACTUAL,84548.0,1545.43,129582.21,654725.34,784307.55,USD
271413637,"Chicago Distribution Center, Plot 45",MTR-UK-938,2025-11-27,2025-12-27,ACTUAL,570777.08,6314.86,728752.86,4790788.75,5519541.61,USD
704758775,"Frankfurt Logistics Hub, Sector 12",MTR-USA-798,2025-11-27,2025-12-27,ACTUAL,363089.02,4651.27,628907.49,5077817.13,5706724.62,USD
985975435,"Mumbai Corporate Office, Industrial Area",MTR-USA-708,2025-11-27,2025-12-27,ESTIMATED,94866.43,1020.79,90260.01,1295501.44,1385761.45,USD
866218418,"Frankfurt Logistics Hub, Sector 12",MTR-GER-244,2025-11-27,2025-12-27,ACTUAL,431415.1,5316.96,655724.62,5236060.45,5891785.07,USD
745486791,"Frankfurt Logistics Hub, Plot 45",MTR-UK-605,2025-11-27,2025-12-27,ACTUAL,409547.2,5828.15,717628.52,4467886.09,5185514.61,USD
273539436,"London Sales Office, Sector 12",MTR-GER-825,2025-11-27,2025-12-27,ESTIMATED,63624.65,1137.85,152270.42,431916.26,584186.68,USD
216870749,"Pune Manufacturing Plant, Sector 12",MTR-IND-680,2025-11-27,2025-12-27,ACTUAL,713208.63,10328.35,1105039.47,7975436.97,9080476.44,USD
229356056,"Frankfurt Logistics Hub, Plot 45",MTR-USA-848,2025-11-27,2025-12-27,ACTUAL,304299.5,3141.16,355186.75,3048257.48,3403444.23,USD
356025925,"Pune Manufacturing Plant, Sector 12",MTR-IND-636,2025-11-27,2025-12-27,ACTUAL,761181.03,9557.58,1118641.81,10731478.03,11850119.84,USD
159629059,"Mumbai Corporate Office, Industrial Area",MTR-USA-204,2025-11-27,2025-12-27,ACTUAL,75425.36,1396.35,185166.08,800844.4,986010.48,USD
279368250,"Chicago Distribution Center, Sector 12",MTR-IND-201,2025-11-27,2025-12-27,ACTUAL,559576.33,7099.4,857941.95,3085050.75,3942992.7,USD
165128202,"Mumbai Corporate Office, Industrial Area",MTR-IND-631,2025-11-27,2025-12-27,ACTUAL,74244.77,994.27,101342.84,1085696.86,1187039.7,USD
308646117,"Frankfurt Logistics Hub, Plot 45",MTR-USA-095,2025-11-27,2025-12-27,ACTUAL,317603.86,5430.88,766245.29,1991361.09,2757606.38,USD
143119283,"Mumbai Corporate Office, Industrial Area",MTR-UK-727,2025-11-27,2025-12-27,ACTUAL,127771.99,2294.68,206393.73,932964.19,1139357.92,USD
185819366,"Frankfurt Logistics Hub, Industrial Area",MTR-UK-705,2025-11-27,2025-12-27,ACTUAL,448870.11,5107.1,535345.92,3506326.32,4041672.24,USD
509836571,"London Sales Office, Plot 45",MTR-GER-330,2025-11-27,2025-12-27,ACTUAL,80605.56,953.61,117720.13,1110024.87,1227745.0,USD
222193700,"Mumbai Corporate Office, Plot 45",MTR-IND-858,2025-11-27,2025-12-27,ACTUAL,78351.23,1192.15,148962.73,1128438.11,1277400.84,USD
527460095,"Pune Manufacturing Plant, Sector 12",MTR-USA-348,2025-12-27,2026-01-26,ACTUAL,836165.04,14928.21,1338891.6,8525855.22,9864746.82,USD
227638368,"Chicago Distribution Center, Plot 45",MTR-GER-924,2025-12-27,2026-01-26,ACTUAL,499012.64,6877.94,770755.68,6460635.98,7231391.66,USD
632900253,"Chicago Distribution Center, Industrial Area",MTR-GER-575,2025-12-27,2026-01-26,ESTIMATED,605348.13,8812.67,863277.14,3711839.78,4575116.92,USD
715722177,"Chicago Distribution Center, Sector 12",MTR-IND-762,2025-12-27,2026-01-26,ACTUAL,617798.54,6322.06,703592.8,3637921.94,4341514.74,USD
157872798,"Frankfurt Logistics Hub, Industrial Area",MTR-UK-271,2025-12-27,2026-01-26,ACTUAL,249161.11,4334.49,352212.65,2628177.38,2980390.03,USD
292325753,"Chicago Distribution Center, Sector 12",MTR-GER-250,2025-12-27,2026-01-26,ESTIMATED,516028.88,5833.4,635784.28,4336013.91,4971798.19,USD
472166301,"Chicago Distribution Center, Industrial Area",MTR-GER-308,2025-12-27,2026-01-26,ACTUAL,547842.41,10144.57,1003817.2,7992426.4,8996243.6,USD
769461610,"Frankfurt Logistics Hub, Sector 12",MTR-USA-781,2025-12-27,2026-01-26,ACTUAL,408877.09,4650.34,529204.15,4143868.43,4673072.58,USD
367963430,"Chicago Distribution Center, Plot 45",MTR-USA-046,2025-12-27,2026-01-26,ACTUAL,521496.71,8422.11,1164019.66,5356206.46,6520226.12,USD
569820332,"Chicago Distribution Center, Industrial Area",MTR-UK-915,2025-12-27,2026-01-26,ACTUAL,638791.57,7269.68,1074210.97,3972687.3,5046898.27,USD
276580469,"Pune Manufacturing Plant, Plot 45",MTR-USA-318,2025-12-27,2026-01-26,ACTUAL,897507.73,9345.14,1011579.76,12615847.87,13627427.63,USD
943520040,"Frankfurt Logistics Hub, Industrial Area",MTR-GER-715,2025-12-27,2026-01-26,ACTUAL,308708.61,4731.36,683439.89,4122512.53,4805952.42,USD
700268213,"Chicago Distribution Center, Plot 45",MTR-IND-412,2025-12-27,2026-01-26,ACTUAL,405926.19,7419.78,916960.89,3182659.31,4099620.2,USD
853340756,"Pune Manufacturing Plant, Industrial Area",MTR-GER-431,2025-12-27,2026-01-26,ACTUAL,648937.66,7144.13,1064939.14,6152203.61,7217142.75,USD
756652421,"Frankfurt Logistics Hub, Plot 45",MTR-GER-119,2025-12-27,2026-01-26,ACTUAL,364347.29,7169.94,692221.44,4876633.48,5568854.92,USD
278029641,"Chicago Distribution Center, Plot 45",MTR-USA-699,2025-12-27,2026-01-26,ACTUAL,534376.39,6523.45,930648.79,7696320.8,8626969.59,USD
329084427,"Chicago Distribution Center, Industrial Area",MTR-UK-828,2025-12-27,2026-01-26,ACTUAL,515868.8,7184.55,911094.54,3927566.9,4838661.44,USD
423404459,"Pune Manufacturing Plant, Industrial Area",MTR-GER-913,2025-12-27,2026-01-26,ACTUAL,810892.75,15588.67,1421552.4,5703235.73,7124788.13,USD
697456579,"London Sales Office, Plot 45",MTR-UK-857,2025-12-27,2026-01-26,ACTUAL,59327.75,664.79,98239.13,609351.6,707590.73,USD
636021985,"Frankfurt Logistics Hub, Sector 12",MTR-UK-412,2025-12-27,2026-01-26,ACTUAL,288224.18,3724.6,347181.15,3444961.81,3792142.96,USD
376016134,"Frankfurt Logistics Hub, Sector 12",MTR-UK-101,2025-12-27,2026-01-26,ACTUAL,262624.07,3171.83,450194.38,1834529.28,2284723.66,USD
622396096,"Pune Manufacturing Plant, Sector 12",MTR-USA-434,2025-12-27,2026-01-26,ACTUAL,713042.16,10686.71,1348123.86,4360878.76,5709002.62,USD
924527835,"Chicago Distribution Center, Industrial Area",MTR-IND-416,2025-12-27,2026-01-26,ACTUAL,435896.69,7056.75,798928.52,5642100.38,6441028.9,USD
681110281,"Mumbai Corporate Office, Sector 12",MTR-GER-092,2025-12-27,2026-01-26,ACTUAL,137427.17,2454.2,263812.66,701055.55,964868.21,USD
116037519,"London Sales Office, Industrial Area",MTR-GER-719,2025-12-27,2026-01-26,ACTUAL,56094.48,859.51,75215.39,318412.81,393628.2,USD
852994186,"Frankfurt Logistics Hub, Plot 45",MTR-UK-282,2026-01-26,2026-02-25,ESTIMATED,441561.59,4463.51,650197.18,2829493.64,3479690.82,USD
239318445,"Pune Manufacturing Plant, Plot 45",MTR-USA-047,2026-01-26,2026-02-25,ACTUAL,813772.85,15836.77,1306806.8,11507637.77,12814444.57,USD
275012893,"Pune Manufacturing Plant, Sector 12",MTR-UK-932,2026-01-26,2026-02-25,ACTUAL,811448.45,11057.69,1264204.04,6671310.72,7935514.76,USD
773600267,"Frankfurt Logistics Hub, Plot 45",MTR-IND-564,2026-01-26,2026-02-25,ACTUAL,409878.95,4878.33,720034.79,2962718.99,3682753.78,USD
536415838,"Chicago Distribution Center, Industrial Area",MTR-UK-935,2026-01-26,2026-02-25,ESTIMATED,381580.2,6746.65,567086.4,3881525.46,4448611.86,USD
450060858,"Chicago Distribution Center, Industrial Area",MTR-UK-260,2026-01-26,2026-02-25,ACTUAL,366576.74,5745.33,700005.71,2647178.39,3347184.1,USD
997137179,"Chicago Distribution Center, Sector 12",MTR-GER-086,2026-01-26,2026-02-25,ACTUAL,-602243.45,11850.08,1341183.94,4695847.62,6037031.56,USD
302604507,"Frankfurt Logistics Hub, Industrial Area",MTR-UK-014,2026-01-26,2026-02-25,ACTUAL,303544.7,4049.2,508015.19,2394566.78,2902581.97,USD
630358642,"London Sales Office, Plot 45",MTR-USA-857,2026-01-26,2026-02-25,ESTIMATED,73741.93,1298.75,159362.32,450977.64,610339.96,USD
628143839,"Pune Manufacturing Plant, Industrial Area",MTR-GER-525,2026-01-26,2026-02-25,ACTUAL,611652.17,10116.13,1424763.0,5541564.51,6966327.51,USD
513946888,"Frankfurt Logistics Hub, Sector 12",MTR-IND-071,2026-01-26,2026-02-25,ACTUAL,289697.79,4792.88,550329.24,2860236.95,3410566.19,USD
937945346,"Frankfurt Logistics Hub, Sector 12",MTR-GER-764,2026-01-26,2026-02-25,ACTUAL,323364.38,4038.6,499788.55,4113722.43,4613510.98,USD
155861546,"Chicago Distribution Center, Plot 45",MTR-UK-219,2026-01-26,2026-02-25,ACTUAL,473279.12,8112.0,944472.64,5727584.63,6672057.27,USD
238227703,"London Sales Office, Industrial Area",MTR-IND-945,2026-01-26,2026-02-25,ACTUAL,87138.42,1635.77,182590.87,1203145.97,1385736.84,USD
453787379,"Mumbai Corporate Office, Plot 45",MTR-GER-755,2026-01-26,2026-02-25,ACTUAL,141517.49,1704.84,189533.57,1221901.69,1411435.26,USD
269491196,"London Sales Office, Sector 12",MTR-USA-900,2026-01-26,2026-02-25,ACTUAL,88249.48,1082.66,151821.85,1250030.75,1401852.6,USD
772033215,"Frankfurt Logistics Hub, Plot 45",MTR-GER-700,2026-01-26,2026-02-25,ESTIMATED,442347.75,4613.51,555378.37,2227070.25,2782448.62,USD
823553794,"Mumbai Corporate Office, Sector 12",MTR-GER-309,2026-01-26,2026-02-25,ACTUAL,87683.45,1063.32,124928.37,568191.85,693120.22,USD
751484912,"Frankfurt Logistics Hub, Sector 12",MTR-GER-797,2026-01-26,2026-02-25,ACTUAL,339609.54,4946.82,564619.43,4295300.95,4859920.38,USD
992504324,"London Sales Office, Plot 45",MTR-USA-620,2026-01-26,2026-02-25,ACTUAL,68245.96,922.72,99387.74,711921.54,811309.28,USD
173046874,"Pune Manufacturing Plant, Plot 45",MTR-USA-365,2026-01-26,2026-02-25,ACTUAL,639457.05,10139.39,1321529.08,4807647.74,6129176.82,USD
557366680,"Pune Manufacturing Plant, Sector 12",MTR-USA-653,2026-01-26,2026-02-25,ACTUAL,788821.14,13021.39,1793727.27,9563018.63,11356745.9,USD
311711635,"Mumbai Corporate Office, Sector 12",MTR-UK-324,2026-01-26,2026-02-25,ACTUAL,126634.77,2465.24,223048.16,1030079.02,1253127.18,USD
623298172,"Chicago Distribution Center, Sector 12",MTR-IND-283,2026-01-26,2026-02-25,ACTUAL,504363.44,9413.88,1337388.38,3085312.0,4422700.38,USD
884430934,"Pune Manufacturing Plant, Sector 12",MTR-IND-018,2026-01-26,2026-02-25,ACTUAL,509840.57,8867.6,864908.78,2573228.33,3438137.11,USD
655773896,"Mumbai Corporate Office, Industrial Area",MTR-IND-226,2026-02-25,2026-03-27,ACTUAL,91441.76,1318.88,126686.79,948675.35,1075362.14,USD
280720027,"Frankfurt Logistics Hub, Plot 45",MTR-GER-807,2026-02-25,2026-03-27,ACTUAL,340378.11,5964.62,872510.62,4997577.59,5870088.21,USD
357736472,"Mumbai Corporate Office, Sector 12",MTR-USA-087,2026-02-25,2026-03-27,ACTUAL,83746.63,1591.36,156946.93,646395.52,803342.45,USD
412373516,"Pune Manufacturing Plant, Plot 45",MTR-IND-887,2026-02-25,2026-03-27,ACTUAL,958652.86,12189.77,1296150.28,5820818.89,7116969.17,USD
223481033,"Pune Manufacturing Plant, Industrial Area",MTR-IND-196,2026-02-25,2026-03-27,ACTUAL,990628.27,15163.22,2166234.3,13818314.71,15984549.01,USD
924936883,"London Sales Office, Industrial Area",MTR-GER-480,2026-02-25,2026-03-27,ACTUAL,71096.1,978.13,114385.91,656479.17,770865.08,USD
818206684,"Frankfurt Logistics Hub, Industrial Area",MTR-USA-156,2026-02-25,2026-03-27,ESTIMATED,353360.94,4297.88,358188.75,4432999.85,4791188.6,USD
140715447,"Frankfurt Logistics Hub, Industrial Area",MTR-UK-889,2026-02-25,2026-03-27,ACTUAL,374320.0,3916.85,315056.47,3985242.24,4300298.71,USD
489148886,"Mumbai Corporate Office, Industrial Area",MTR-UK-708,2026-02-25,2026-03-27,ACTUAL,157104.81,1976.42,247829.82,1271654.28,1519484.1,USD
560823168,"Frankfurt Logistics Hub, Industrial Area",MTR-GER-428,2026-02-25,2026-03-27,ACTUAL,273094.58,4761.54,573416.39,3524418.79,4097835.18,USD
123758537,"Pune Manufacturing Plant, Industrial Area",MTR-IND-720,2026-02-25,2026-03-27,ACTUAL,870906.24,16411.02,1334505.08,10383865.75,11718370.83,USD
585043109,"Frankfurt Logistics Hub, Industrial Area",MTR-IND-733,2026-02-25,2026-03-27,ACTUAL,365398.34,5662.4,567479.45,1863329.81,2430809.26,USD
706640209,"Pune Manufacturing Plant, Plot 45",MTR-USA-534,2026-02-25,2026-03-27,ACTUAL,899096.47,9850.66,928014.33,11100842.73,12028857.06,USD
914221670,"Chicago Distribution Center, Sector 12",MTR-USA-738,2026-02-25,2026-03-27,ACTUAL,560693.67,9932.4,986254.07,3063314.78,4049568.85,USD
198729989,"Chicago Distribution Center, Industrial Area",MTR-UK-548,2026-02-25,2026-03-27,ACTUAL,381442.81,6982.04,888709.88,3359641.65,4248351.53,USD
230088475,"Mumbai Corporate Office, Industrial Area",MTR-IND-215,2026-02-25,2026-03-27,ACTUAL,138669.13,2120.54,317262.85,1692310.27,2009573.12,USD
604937076,"Pune Manufacturing Plant, Plot 45",MTR-IND-073,2026-02-25,2026-03-27,ACTUAL,1037417.81,13757.13,1650948.58,15335312.89,16986261.47,USD
924324963,"Pune Manufacturing Plant, Plot 45",MTR-IND-711,2026-02-25,2026-03-27,ACTUAL,591398.87,8774.06,836919.01,7057533.57,7894452.58,USD
496598809,"Pune Manufacturing Plant, Sector 12",MTR-IND-989,2026-02-25,2026-03-27,ESTIMATED,699250.22,10915.47,1229717.63,9193067.61,10422785.24,USD
485940966,"London Sales Office, Industrial Area",MTR-GER-116,2026-02-25,2026-03-27,ACTUAL,93235.36,1737.99,173445.4,1349432.3,1522877.7,USD
166906658,"London Sales Office, Industrial Area",MTR-USA-159,2026-02-25,2026-03-27,ACTUAL,69322.31,1026.33,88681.45,853363.28,942044.73,USD
619415843,"Chicago Distribution Center, Industrial Area",MTR-USA-846,2026-02-25,2026-03-27,ACTUAL,614833.1,11339.94,1169899.3,3772567.71,4942467.01,USD
244522884,"Mumbai Corporate Office, Sector 12",MTR-IND-452,2026-02-25,2026-03-27,ACTUAL,139014.84,2749.55,341092.7,1357316.35,1698409.05,USD
350171673,"Mumbai Corporate Office, Sector 12",MTR-USA-711,2026-02-25,2026-03-27,ACTUAL,114735.39,1483.62,207773.53,929008.24,1136781.77,USD
828151503,"Frankfurt Logistics Hub, Sector 12",MTR-GER-625,2026-02-25,2026-03-27,ACTUAL,339654.49,6720.1,725322.66,3193128.49,3918451.15,USD
922774401,"Chicago Distribution Center, Industrial Area",MTR-IND-830,2026-03-27,2026-04-26,ACTUAL,549415.32,7754.95,1011918.04,7455986.79,8467904.83,USD
802356161,"Pune Manufacturing Plant, Sector 12",MTR-GER-724,2026-03-27,2026-04-26,ACTUAL,894164.12,12217.65,1522002.25,9983150.44,11505152.69,USD
711248602,"London Sales Office, Sector 12",MTR-IND-923,2026-03-27,2026-04-26,ACTUAL,83297.99,953.89,97654.25,637472.75,735127.0,USD
565657364,"London Sales Office, Plot 45",MTR-USA-724,2026-03-27,2026-04-26,ACTUAL,77256.43,1493.47,207232.04,441572.29,648804.33,USD
205533986,"London Sales Office, Sector 12",MTR-IND-353,2026-03-27,2026-04-26,ACTUAL,61839.07,1153.95,161706.77,787119.68,948826.45,USD
528557886,"Pune Manufacturing Plant, Plot 45",MTR-IND-764,2026-03-27,2026-04-26,ACTUAL,823890.74,14223.45,2019228.37,6715996.89,8735225.26,USD
744069038,"Frankfurt Logistics Hub, Industrial Area",MTR-UK-488,2026-03-27,2026-04-26,ACTUAL,370580.7,4491.65,454751.62,2893278.78,3348030.4,USD
205896971,"London Sales Office, Sector 12",MTR-UK-320,2026-03-27,2026-04-26,ACTUAL,87654.7,956.52,84722.15,1158292.54,1243014.69,USD
534643492,"Chicago Distribution Center, Industrial Area",MTR-UK-037,2026-03-27,2026-04-26,ACTUAL,508804.93,5353.14,778946.42,3959165.68,4738112.1,USD
447384058,"Chicago Distribution Center, Sector 12",MTR-UK-807,2026-03-27,2026-04-26,ACTUAL,398830.4,5802.89,866435.47,2754175.87,3620611.34,USD
839508302,"Chicago Distribution Center, Sector 12",MTR-IND-010,2026-03-27,2026-04-26,ACTUAL,640974.34,8187.12,949233.47,4570513.84,5519747.31,USD
251368843,"London Sales Office, Industrial Area",MTR-UK-677,2026-03-27,2026-04-26,ACTUAL,94331.0,1008.73,91608.54,621549.5,713158.04,USD
913175910,"Chicago Distribution Center, Sector 12",MTR-IND-315,2026-03-27,2026-04-26,ACTUAL,446931.65,7192.55,686139.27,4057106.11,4743245.38,USD
185798874,"Mumbai Corporate Office, Plot 45",MTR-GER-630,2026-03-27,2026-04-26,ACTUAL,114235.81,1221.1,143806.0,779887.35,923693.35,USD
881126422,"Chicago Distribution Center, Sector 12",MTR-UK-527,2026-03-27,2026-04-26,ESTIMATED,523770.26,5687.52,744991.78,6084481.75,6829473.53,USD
652198730,"Pune Manufacturing Plant, Industrial Area",MTR-UK-457,2026-03-27,2026-04-26,ESTIMATED,989921.56,10697.77,1421054.0,14419407.05,15840461.05,USD
450708178,"Frankfurt Logistics Hub, Industrial Area",MTR-USA-989,2026-03-27,2026-04-26,ACTUAL,327764.85,6040.03,706299.26,4524163.65,5230462.91,USD
491581801|"Pune Manufacturing Plant| Plot 45"|MTR-GER-042|2026-03-27|2026-04-26|ACTUAL|549975.69|8738.2|1154862.75|7732134.14|8886996.89|USD
708235968,"Frankfurt Logistics Hub, Sector 12",MTR-USA-693,2026-03-27,2026-04-26,ACTUAL,260507.44,3520.82,333856.48,3141765.77,3475622.25,USD
214854333,"London Sales Office, Plot 45",MTR-IND-645,2026-03-27,2026-04-26,ACTUAL,86156.43,1199.6,143614.44,1164841.84,1308456.28,USD
616736514,"London Sales Office, Plot 45",MTR-IND-739,2026-03-27,2026-04-26,ACTUAL,100880.12,1421.92,206540.7,1139677.44,1346218.14,USD
911086256,"London Sales Office, Industrial Area",MTR-UK-261,2026-03-27,2026-04-26,ACTUAL,93455.49,1496.02,155536.61,1238300.65,1393837.26,USD
285062699,"Pune Manufacturing Plant, Industrial Area",MTR-USA-282,2026-03-27,2026-04-26,ACTUAL,773538.37,8167.37,776345.73,8276872.33,9053218.06,USD
125902100,"Chicago Distribution Center, Plot 45",MTR-GER-736,2026-03-27,2026-04-26,ESTIMATED,405434.08,4232.51,474011.47,3625876.41,4099887.88,USD
651846512,"Frankfurt Logistics Hub, Industrial Area",MTR-IND-407,2026-03-27,2026-04-26,ACTUAL,283237.58,4175.6,358868.16,4045929.99,4404798.15,USD
666031958,"London Sales Office, Sector 12",MTR-IND-188,2026-04-26,2026-05-26,ACTUAL,116409.59,2230.54,302427.75,1492569.99,1794997.74,USD
474387214,"Chicago Distribution Center, Plot 45",MTR-IND-080,2026-04-26,2026-05-26,ACTUAL,557331.62,9293.32,1367868.97,2808276.76,4176145.73,USD
885289454,"London Sales Office, Sector 12",MTR-IND-427,2026-04-26,2026-05-26,ACTUAL,84342.65,1317.64,195311.99,687264.28,882576.27,USD
106695181,"Frankfurt Logistics Hub, Plot 45",MTR-GER-581,2026-04-26,2026-05-26,ACTUAL,389628.29,4309.25,463850.11,4881226.0,5345076.11,USD
206730227,"Frankfurt Logistics Hub, Sector 12",MTR-IND-082,2026-04-26,2026-05-26,ACTUAL,444519.5,5727.8,476716.56,3021730.49,3498447.05,USD
599399530,"London Sales Office, Industrial Area",MTR-GER-557,2026-04-26,2026-05-26,ACTUAL,126453.66,1527.58,192625.84,1667535.21,1860161.05,USD
526017916,"Frankfurt Logistics Hub, Industrial Area",MTR-GER-599,2026-04-26,2026-05-26,ACTUAL,296912.82,3071.53,399066.0,2137128.37,2536194.37,USD
281626403,"London Sales Office, Industrial Area",MTR-USA-239,2026-04-26,2026-05-26,ACTUAL,69870.98,821.67,91398.22,432788.05,524186.27,USD
470027196,"Chicago Distribution Center, Sector 12",MTR-IND-527,2026-04-26,2026-05-26,ACTUAL,798348.61,12414.81,1566114.56,10924940.97,12491055.53,USD
951931749,"Pune Manufacturing Plant, Sector 12",MTR-IND-662,2026-04-26,2026-05-26,ACTUAL,1155988.29,16122.65,1906872.3,9271601.48,11178473.78,USD
775333052,"London Sales Office, Industrial Area",MTR-UK-215,2026-04-26,2026-05-26,ACTUAL,114418.79,1993.83,270818.57,815454.4,1086272.97,USD
580097224,"Mumbai Corporate Office, Sector 12",MTR-UK-380,2026-04-26,2026-05-26,ACTUAL,114212.63,1799.64,213934.63,1512226.57,1726161.2,USD
984791397,"London Sales Office, Sector 12",MTR-IND-598,2026-04-26,2026-05-26,ACTUAL,67627.08,990.21,87541.71,847225.56,934767.27,USD
221981560	"Chicago Distribution Center	 Sector 12"	MTR-IND-694	2026-04-26	2026-05-26	ACTUAL	482247.55	7290.21	990625.35	6791535.71	7782161.06	USD
263239211,"Chicago Distribution Center, Industrial Area",MTR-USA-380,2026-04-26,2026-05-26,ACTUAL,524207.87,9172.25,1372828.46,6751515.02,8124343.48,USD
953869367,"Mumbai Corporate Office, Plot 45",MTR-UK-799,2026-04-26,2026-05-26,ESTIMATED,169914.83,3134.98,291001.14,2088038.31,2379039.45,USD
249640582,"Chicago Distribution Center, Industrial Area",MTR-GER-306,2026-04-26,2026-05-26,ACTUAL,540967.93,10244.25,1249887.63,3776417.5,5026305.13,USD
485874636,"Pune Manufacturing Plant, Industrial Area",MTR-UK-511,2026-04-26,2026-05-26,ACTUAL,895470.06,10233.02,1038708.04,9892166.98,10930875.02,USD
997831380,"Chicago Distribution Center, Sector 12",MTR-USA-566,2026-04-26,2026-05-26,ACTUAL,549551.52,7694.68,794573.67,7420714.57,8215288.24,USD
210819247,"Mumbai Corporate Office, Sector 12",MTR-UK-127,2026-04-26,2026-05-26,ACTUAL,188023.73,3378.08,372974.52,1598701.69,1971676.21,USD
656705835,"Pune Manufacturing Plant, Sector 12",MTR-GER-277,2026-04-26,2026-05-26,ESTIMATED,1008335.91,10409.52,1525141.56,15002654.77,16527796.33,USD
240736981,"Chicago Distribution Center, Industrial Area",MTR-USA-285,2026-04-26,2026-05-26,ACTUAL,529552.57,6528.77,681652.87,3319871.22,4001524.09,USD
790553254,"Mumbai Corporate Office, Industrial Area",MTR-UK-913,2026-04-26,2026-05-26,ACTUAL,134021.19,1458.02,170285.14,1717551.67,1887836.81,USD
569773407,"London Sales Office, Industrial Area",MTR-UK-774,2026-04-26,2026-05-26,ACTUAL,106021.9,2038.53,240203.58,540076.62,780280.2,USD
894955767,"Chicago Distribution Center, Plot 45",MTR-UK-842,2026-04-26,2026-05-26,ACTUAL,670265.24,8484.81,1205199.63,6180791.31,7385990.94,USD